Movie_id,Unknown,Action,Adventure,Animation,Children's,Comedy,Crime,Documentary,Drama,Fantasy,Film-Noir,Horror,Musical,Mystery,Romance,Sci-Fi,Thriller,War,Western,Strings
1,0,0,0,d,e,f,0,0,0,0,0,0,0,0,0,0,0,0,0,def
2,0,b,c,0,0,0,0,0,0,0,0,0,0,0,0,0,q,0,0,bcq
3,0,0,0,0,0,0,0,0,0,0,0,0,0,0,0,0,q,0,0,q
4,0,b,0,0,0,f,0,0,i,0,0,0,0,0,0,0,0,0,0,bfi
5,0,0,0,0,0,0,g,0,i,0,0,0,0,0,0,0,q,0,0,giq
6,0,0,0,0,0,0,0,0,i,0,0,0,0,0,0,0,0,0,0,i
7,0,0,0,0,0,0,0,0,i,0,0,0,0,0,0,p,0,0,0,ip
8,0,0,0,0,e,f,0,0,i,0,0,0,0,0,0,0,0,0,0,efi
9,0,0,0,0,0,0,0,0,i,0,0,0,0,0,0,0,0,0,0,i
10,0,0,0,0,0,0,0,0,i,0,0,0,0,0,0,0,0,r,0,ir
11,0,0,0,0,0,0,g,0,0,0,0,0,0,0,0,0,q,0,0,gq
12,0,0,0,0,0,0,g,0,0,0,0,0,0,0,0,0,q,0,0,gq
13,0,0,0,0,0,f,0,0,0,0,0,l,0,0,0,0,0,0,0,fl
14,0,0,0,0,0,0,0,0,i,0,0,0,0,0,o,0,0,0,0,io
15,0,0,0,0,0,0,0,0,i,0,0,0,0,0,0,0,0,0,0,i
16,0,0,0,0,0,f,0,0,0,0,0,0,0,0,o,0,0,0,0,fo
17,0,b,0,0,0,f,g,0,0,0,0,0,0,0,0,0,q,0,0,bfgq
18,0,0,0,0,0,0,0,0,i,0,0,0,0,0,0,0,0,0,0,i
19,0,0,0,0,0,0,0,0,i,0,0,0,0,0,0,0,0,0,0,i
20,0,0,0,0,0,0,0,0,i,0,0,0,0,0,o,0,0,0,0,io
21,0,b,c,0,0,f,0,0,0,0,0,0,m,0,0,0,q,0,0,bcfmq
22,0,b,0,0,0,0,0,0,i,0,0,0,0,0,0,0,0,r,0,bir
23,0,0,0,0,0,0,0,0,i,0,0,0,0,0,0,0,q,0,0,iq
24,0,b,c,0,0,0,g,0,0,0,0,0,0,0,0,0,0,0,0,bcg
25,0,0,0,0,0,f,0,0,0,0,0,0,0,0,0,0,0,0,0,f
26,0,0,0,0,0,f,0,0,0,0,0,0,0,0,0,0,0,0,0,f
27,0,b,0,0,0,0,0,0,0,0,0,0,0,0,0,0,0,0,0,b
28,0,b,0,0,0,0,0,0,i,0,0,0,0,0,0,0,q,0,0,biq
29,0,b,c,0,0,f,g,0,0,0,0,0,0,0,0,0,0,0,0,bcfg
30,0,0,0,0,0,0,0,0,i,0,0,l,0,0,0,0,0,0,0,il
31,0,0,0,0,0,0,0,0,i,0,0,0,0,0,0,0,q,r,0,iqr
32,0,0,0,0,0,0,0,h,0,0,0,0,0,0,0,0,0,0,0,h
33,0,b,0,0,0,0,0,0,0,0,0,0,0,0,o,0,q,0,0,boq
34,0,0,0,0,0,f,0,0,i,0,0,0,0,0,0,0,0,0,0,fi
35,0,0,c,0,e,0,0,0,i,0,0,0,0,0,0,0,0,0,0,cei
36,0,0,0,0,0,0,0,0,i,0,0,0,0,0,o,0,0,0,0,io
37,0,0,0,0,0,0,0,0,i,0,0,0,0,0,0,0,0,0,0,i
38,0,0,0,0,0,0,0,0,0,0,0,0,0,0,0,p,q,0,0,pq
39,0,b,0,0,0,0,g,0,0,0,0,0,0,0,0,p,0,0,0,bgp
40,0,0,0,0,0,f,0,0,0,0,0,0,0,0,0,0,0,0,0,f
41,0,0,0,0,0,f,0,0,0,0,0,0,0,0,0,0,0,0,0,f
42,0,0,0,0,0,f,0,0,0,0,0,0,0,0,0,0,0,0,0,f
43,0,0,0,0,0,0,0,0,i,0,0,0,0,0,0,0,q,0,0,iq
44,0,0,0,0,0,0,0,0,i,0,0,0,0,0,0,0,q,0,0,iq
45,0,0,0,0,0,f,0,0,i,0,0,0,0,0,0,0,0,0,0,fi
46,0,0,0,0,0,0,0,0,i,0,0,0,0,0,0,0,0,0,0,i
47,0,0,0,0,0,f,0,0,i,0,0,0,0,0,0,0,0,0,0,fi
48,0,0,0,0,0,0,0,h,0,0,0,0,0,0,0,0,0,0,0,h
49,0,0,0,0,0,f,0,0,0,0,0,0,0,0,o,0,0,0,0,fo
50,0,b,c,0,0,0,0,0,0,0,0,0,0,0,o,p,0,r,0,bcopr
51,0,0,0,0,0,0,0,0,i,0,0,0,0,0,o,0,0,r,s,ior
52,0,0,0,0,0,0,0,0,i,0,0,l,0,0,0,0,0,0,0,il
53,0,b,0,0,0,0,0,0,0,0,0,0,0,0,0,0,q,0,0,bq
54,0,b,0,0,0,0,0,0,i,0,0,0,0,0,0,0,q,0,0,biq
55,0,0,0,0,0,0,g,0,i,0,0,0,0,0,o,0,q,0,0,gioq
56,0,0,0,0,0,0,g,0,i,0,0,0,0,0,0,0,0,0,0,gi
57,0,0,0,0,0,0,0,0,i,0,0,0,0,0,0,0,0,0,0,i
58,0,0,0,0,0,0,0,0,i,0,0,0,0,0,0,0,0,0,0,i
59,0,0,0,0,0,0,0,0,i,0,0,0,0,0,0,0,0,0,0,i
60,0,0,0,0,0,0,0,0,i,0,0,0,0,0,0,0,0,0,0,i
61,0,0,0,0,0,0,0,0,i,0,0,0,0,0,0,0,0,0,0,i
62,0,b,c,0,0,0,0,0,0,0,0,0,0,0,0,p,0,0,0,bcp
63,0,0,0,0,e,f,0,0,0,0,0,0,0,0,0,0,0,0,0,ef
64,0,0,0,0,0,0,0,0,i,0,0,0,0,0,0,0,0,0,0,i
65,0,0,0,0,0,f,0,0,i,0,0,0,0,0,0,0,0,0,0,fi
66,0,0,0,0,0,f,0,0,0,0,0,0,0,0,o,0,0,0,0,fo
67,0,0,0,0,0,f,0,0,0,0,0,0,0,0,0,0,0,0,0,f
68,0,b,0,0,0,0,0,0,0,0,0,0,0,0,o,0,q,0,0,boq
69,0,0,0,0,0,f,0,0,0,0,0,0,0,0,o,0,0,r,0,for
70,0,0,0,0,0,f,0,0,0,0,0,0,0,0,o,0,0,0,0,fo
71,0,0,0,d,e,0,0,0,0,0,0,0,m,0,0,0,0,0,0,dem
72,0,0,0,0,0,f,g,0,0,j,0,0,0,0,0,0,0,0,0,fgj
73,0,b,0,0,0,f,0,0,0,0,0,0,0,0,0,0,0,0,s,bf
74,0,b,0,0,0,f,0,0,i,0,0,0,0,0,0,0,0,0,0,bfi
75,0,0,0,0,0,0,0,h,0,0,0,0,0,0,0,0,0,0,0,h
76,0,0,0,0,0,0,g,0,i,0,0,0,0,0,0,0,0,0,0,gi
77,0,0,0,0,0,0,0,0,i,0,0,0,0,0,0,0,q,0,0,iq
78,0,0,c,0,e,0,0,0,i,0,0,0,0,0,0,0,0,0,0,cei
79,0,b,0,0,0,0,0,0,0,0,0,0,0,0,0,0,q,0,0,bq
80,0,b,0,0,0,f,0,0,0,0,0,0,0,0,0,0,0,r,0,bfr
81,0,0,0,0,0,f,0,0,0,0,0,0,0,0,o,0,0,0,0,fo
82,0,b,c,0,0,0,0,0,0,0,0,0,0,0,0,p,0,0,0,bcp
83,0,0,0,0,0,f,0,0,0,0,0,0,0,0,o,0,0,0,0,fo
84,0,0,0,0,0,0,0,0,0,0,0,0,0,0,0,p,0,0,0,p
85,0,0,0,0,0,f,0,0,0,0,0,0,0,0,0,0,0,0,0,f
86,0,0,0,0,0,0,0,0,i,0,0,0,0,0,0,0,0,0,0,i
87,0,0,0,0,0,0,0,0,i,0,0,0,0,0,0,0,0,0,0,i
88,0,0,0,0,0,f,0,0,0,0,0,0,0,0,o,0,0,0,0,fo
89,0,0,0,0,0,0,0,0,0,0,k,0,0,0,0,p,0,0,0,kp
90,0,0,0,0,0,f,0,0,0,0,0,0,0,0,o,0,q,0,0,foq
91,0,0,0,0,e,f,0,0,0,0,0,0,m,0,0,0,0,0,0,efm
92,0,b,0,0,0,0,g,0,0,0,0,0,0,0,o,0,0,0,0,bgo
93,0,0,0,0,0,f,0,0,i,0,0,0,0,0,0,0,0,0,0,fi
94,0,0,0,0,e,f,0,0,0,0,0,0,0,0,0,0,0,0,0,ef
95,0,0,0,d,e,f,0,0,0,0,0,0,m,0,0,0,0,0,0,defm
96,0,b,0,0,0,0,0,0,0,0,0,0,0,0,0,p,q,0,0,bpq
97,0,0,c,0,0,0,0,0,i,0,0,0,0,0,0,0,0,0,s,ci
98,0,0,0,0,0,0,0,0,i,0,0,0,0,0,0,0,q,0,0,iq
99,0,0,0,d,e,0,0,0,0,0,0,0,m,0,0,0,0,0,0,dem
100,0,0,0,0,0,0,g,0,i,0,0,0,0,0,0,0,q,0,0,giq
101,0,b,c,d,0,0,0,0,0,0,0,0,0,0,0,p,0,0,0,bcdp
102,0,0,0,d,e,0,0,0,0,0,0,0,0,0,0,0,0,0,0,de
103,0,0,0,d,e,0,0,0,0,0,0,0,m,0,0,0,0,0,0,dem
104,0,0,0,0,0,f,0,0,0,0,0,0,0,0,0,0,0,0,0,f
105,0,0,0,0,0,f,0,0,0,0,0,0,0,0,0,0,0,0,0,f
106,0,0,0,0,0,0,0,0,i,0,0,0,0,0,0,0,q,0,0,iq
107,0,0,0,0,0,0,0,0,i,0,0,0,0,0,0,0,0,0,0,i
108,0,0,0,0,0,f,0,0,0,0,0,0,0,0,0,0,0,0,0,f
109,0,0,0,0,0,f,0,0,0,0,0,0,0,0,0,p,0,0,0,fp
110,0,b,c,0,0,f,0,0,0,0,0,0,0,0,0,0,0,r,0,bcfr
111,0,0,0,0,0,f,0,0,0,0,0,0,0,0,o,0,0,0,0,fo
112,0,0,c,0,e,0,0,0,0,0,0,l,0,0,0,0,0,0,0,cel
113,0,0,0,0,0,0,0,0,i,0,0,l,0,0,0,0,0,0,0,il
114,0,0,0,d,0,0,0,0,0,0,0,l,0,0,0,0,0,0,0,dl
115,0,0,0,0,0,0,0,h,0,0,0,0,0,0,0,0,0,0,0,h
116,0,0,0,0,0,f,0,0,0,0,0,0,0,0,0,0,0,0,0,f
117,0,b,c,0,0,0,0,0,0,0,0,0,0,0,0,0,q,0,0,bcq
118,0,b,c,0,0,0,0,0,0,0,0,0,0,0,0,0,q,0,0,bcq
119,0,0,0,0,0,0,0,h,0,0,0,0,0,0,0,0,0,0,0,h
120,0,0,0,0,0,f,g,0,0,0,0,0,0,0,0,0,0,0,0,fg
121,0,b,0,0,0,0,0,0,0,0,0,0,0,0,0,p,0,r,0,bpr
122,0,0,0,0,0,f,0,0,0,0,0,0,0,0,0,0,0,0,0,f
123,0,0,0,0,0,f,0,0,0,0,0,0,0,0,0,0,0,0,0,f
124,0,0,0,0,0,0,0,0,i,0,0,0,0,n,0,0,0,0,0,in
125,0,0,0,0,0,0,0,0,i,0,0,0,0,0,o,0,0,0,0,io
126,0,0,0,0,0,0,0,0,i,0,0,0,0,0,0,0,0,0,0,i
127,0,b,0,0,0,0,g,0,i,0,0,0,0,0,0,0,0,0,0,bgi
128,0,b,0,0,0,0,0,0,0,0,0,0,0,0,0,0,q,0,0,bq
129,0,0,0,0,0,0,g,0,i,0,0,l,0,0,o,0,q,0,0,giloq
130,0,0,0,0,0,0,g,0,0,0,0,l,0,0,0,0,0,0,0,gl
131,0,0,0,0,0,0,0,0,i,0,0,0,0,0,o,0,0,0,0,io
132,0,0,c,0,e,0,0,0,i,0,0,0,m,0,0,0,0,0,0,ceim
133,0,0,0,0,0,0,0,0,i,0,0,0,0,0,o,0,0,r,0,ior
134,0,0,0,0,0,0,0,0,i,0,0,0,0,0,0,0,0,0,0,i
135,0,0,0,0,0,0,0,0,i,0,0,0,0,n,0,p,q,0,0,inpq
136,0,0,0,0,0,0,0,0,i,0,0,0,0,0,0,0,0,0,0,i
137,0,0,0,0,0,0,0,0,i,0,0,l,0,0,0,0,0,0,0,il
138,0,0,0,0,e,f,0,0,0,0,0,0,0,0,0,0,0,0,0,ef
139,0,0,0,0,e,f,0,0,0,0,0,0,0,0,0,0,0,0,0,ef
140,0,0,c,0,e,0,0,0,0,0,0,0,0,0,0,0,0,0,0,ce
141,0,0,c,0,e,0,0,0,0,j,0,0,0,0,0,p,0,0,0,cejp
142,0,0,c,0,e,0,0,0,0,0,0,0,m,0,0,0,0,0,0,cem
143,0,0,0,0,0,0,0,0,0,0,0,0,m,0,0,0,0,0,0,m
144,0,b,0,0,0,0,0,0,0,0,0,0,0,0,0,0,q,0,0,bq
145,0,b,0,0,0,0,0,0,0,0,0,0,0,0,0,p,q,0,0,bpq
146,0,0,0,0,0,0,0,0,i,0,0,l,0,0,0,0,0,0,0,il
147,0,b,0,0,0,0,0,0,0,0,0,0,0,0,0,0,q,0,0,bq
148,0,b,c,0,0,0,0,0,0,0,0,l,0,0,0,0,0,0,0,bcl
149,0,0,0,0,0,0,0,0,i,0,0,0,0,0,0,0,0,0,0,i
150,0,0,0,0,0,f,0,0,i,0,0,0,0,0,0,0,0,0,0,fi
151,0,0,c,0,e,f,0,0,0,0,0,0,0,0,0,0,0,0,0,cef
152,0,0,0,0,0,f,0,0,0,0,0,0,0,0,0,p,0,0,0,fp
153,0,0,0,0,0,f,0,0,0,0,0,0,0,0,0,0,0,0,0,f
154,0,0,0,0,0,f,0,0,0,0,0,0,0,0,0,0,0,0,0,f
155,0,0,0,0,0,0,0,0,0,0,0,0,m,0,o,0,0,0,0,mo
156,0,0,0,0,0,0,g,0,0,0,0,0,0,0,0,0,q,0,0,gq
157,0,0,0,0,0,0,0,0,i,0,0,0,0,0,0,0,0,r,0,ir
158,0,0,0,0,0,f,0,0,0,0,0,0,0,0,0,0,0,0,0,f
159,0,0,0,0,0,0,0,0,0,0,0,0,0,n,0,0,q,0,0,nq
160,0,0,0,0,0,0,0,0,i,0,0,0,0,0,0,0,0,0,0,i
161,0,b,0,0,0,0,0,0,0,0,0,0,0,0,o,0,0,0,0,bo
162,0,0,0,0,0,0,0,0,i,0,0,0,0,0,0,0,0,0,0,i
163,0,0,0,0,0,f,0,0,0,0,0,l,0,0,0,0,0,0,0,fl
164,0,b,c,0,0,0,0,0,0,0,0,0,0,0,0,p,q,0,0,bcpq
165,0,0,0,0,0,0,0,0,i,0,0,0,0,0,0,0,0,0,0,i
166,0,0,0,0,0,0,0,0,i,0,0,0,0,0,0,0,0,0,0,i
167,0,0,0,0,0,f,0,0,0,0,0,0,0,0,0,0,0,0,0,f
168,0,0,0,0,0,f,0,0,0,0,0,0,0,0,0,0,0,0,0,f
169,0,0,0,d,0,f,0,0,0,0,0,0,0,0,0,0,0,0,0,df
170,0,0,0,0,0,f,0,0,i,0,0,0,0,0,o,0,0,0,0,fio
171,0,0,0,0,0,f,0,0,0,0,0,0,0,0,0,p,0,0,0,fp
172,0,b,c,0,0,0,0,0,i,0,0,0,0,0,o,p,0,r,0,bciopr
173,0,b,c,0,0,f,0,0,0,0,0,0,0,0,o,0,0,0,0,bcfo
174,0,b,c,0,0,0,0,0,0,0,0,0,0,0,0,0,0,0,0,bc
175,0,0,0,0,0,0,0,0,0,0,0,0,0,0,0,p,0,0,0,p
176,0,b,0,0,0,0,0,0,0,0,0,0,0,0,0,p,q,r,0,bpqr
177,0,b,0,0,0,0,0,0,0,0,0,0,0,0,0,0,0,0,s,b
178,0,0,0,0,0,0,0,0,i,0,0,0,0,0,0,0,0,0,0,i
179,0,0,0,0,0,0,0,0,0,0,0,0,0,0,0,p,0,0,0,p
180,0,0,0,0,0,0,0,0,i,0,0,0,0,0,0,0,0,r,0,ir
181,0,b,c,0,0,0,0,0,0,0,0,0,0,0,o,p,0,r,0,bcopr
182,0,0,0,0,0,0,g,0,i,0,0,0,0,0,0,0,0,0,0,gi
183,0,b,0,0,0,0,0,0,0,0,0,0,0,0,0,p,q,0,0,bpq
184,0,b,c,0,0,f,0,0,0,0,0,0,0,0,0,p,0,0,0,bcfp
185,0,0,0,0,0,0,0,0,0,0,0,0,0,0,o,0,q,0,0,oq
186,0,b,0,0,0,f,0,0,0,0,0,0,m,0,0,0,0,0,0,bfm
187,0,b,0,0,0,0,g,0,i,0,0,0,0,0,0,0,0,0,0,bgi
188,0,b,0,0,0,0,0,0,i,0,0,0,0,0,0,0,0,r,0,bir
189,0,0,0,d,0,f,0,0,0,0,0,0,0,0,0,0,0,0,0,df
190,0,0,0,0,0,0,0,0,i,0,0,0,0,0,0,0,0,r,0,ir
191,0,0,0,0,0,0,0,0,i,0,0,0,0,n,0,0,0,0,0,in
192,0,0,0,0,0,0,0,0,i,0,0,0,0,0,0,0,0,0,0,i
193,0,0,0,0,0,0,0,0,i,0,0,0,0,0,0,0,0,0,0,i
194,0,0,0,0,0,f,g,0,0,0,0,0,0,0,0,0,0,0,0,fg
195,0,b,0,0,0,0,0,0,0,0,0,0,0,0,0,p,q,0,0,bpq
196,0,0,0,0,0,0,0,0,i,0,0,0,0,0,0,0,0,0,0,i
197,0,0,0,0,0,0,0,0,i,0,0,0,0,0,o,0,0,0,0,io
198,0,0,0,0,0,0,0,0,0,0,0,0,0,0,0,0,q,0,0,q
199,0,0,0,0,0,0,0,0,i,0,0,0,0,0,0,0,0,r,0,ir
200,0,0,0,0,0,0,0,0,0,0,0,0,0,0,0,0,0,0,0,
201,0,b,c,0,0,f,0,0,0,0,0,0,0,0,0,0,0,0,0,bcf
202,0,0,0,0,0,f,0,0,0,0,0,0,0,0,o,0,0,0,0,fo
203,0,0,0,0,0,0,0,0,0,0,0,0,0,0,0,0,0,0,s,
204,0,0,0,0,0,f,0,0,0,0,0,0,0,0,0,p,0,0,0,fp
205,0,0,0,0,0,0,0,0,i,0,0,0,0,0,0,0,0,r,0,ir
206,0,0,c,d,0,0,0,0,0,0,0,0,0,0,0,p,q,0,0,cdpq
207,0,b,0,0,0,0,0,0,i,0,0,0,0,0,o,0,0,0,0,bio
208,0,0,0,0,0,f,0,0,0,0,0,0,0,0,0,0,0,0,0,f
209,0,0,0,0,0,f,0,0,i,0,0,0,m,0,0,0,0,0,0,fim
210,0,b,c,0,0,0,0,0,0,0,0,0,0,0,0,0,0,0,0,bc
211,0,0,0,0,0,f,0,0,0,0,0,0,0,0,0,0,0,r,0,fr
212,0,0,0,0,0,0,0,0,i,0,0,0,0,0,0,0,0,0,0,i
213,0,0,0,0,0,0,0,0,i,0,0,0,0,0,o,0,0,0,0,io
214,0,0,0,0,0,0,0,0,i,0,0,0,m,0,0,0,0,r,0,imr
215,0,0,0,0,0,0,0,0,i,0,0,0,0,0,0,0,0,0,0,i
216,0,0,0,0,0,f,0,0,0,0,0,0,0,0,o,0,0,0,0,fo
217,0,0,0,0,0,0,0,0,0,0,0,l,0,0,o,0,0,0,0,lo
218,0,0,0,0,0,0,0,0,0,0,0,0,0,0,0,0,q,0,0,q
219,0,0,0,0,0,0,0,0,0,0,0,0,0,0,0,0,0,0,0,
220,0,0,0,0,0,f,0,0,0,0,0,0,0,0,o,0,0,0,0,fo
221,0,0,0,0,0,0,0,0,i,0,0,0,0,0,0,0,0,0,0,i
222,0,b,c,0,0,0,0,0,0,0,0,0,0,0,0,p,0,0,0,bcp
223,0,0,0,0,0,0,0,0,i,0,0,0,0,0,0,0,q,0,0,iq
224,0,0,0,0,0,0,0,0,i,0,0,0,0,0,0,0,0,0,0,i
225,0,0,0,0,e,f,0,0,0,0,0,0,0,0,0,0,0,0,0,ef
226,0,b,0,0,0,0,0,0,0,0,0,0,0,0,0,0,q,0,0,bq
227,0,b,c,0,0,0,0,0,0,0,0,0,0,0,0,p,0,0,0,bcp
228,0,b,c,0,0,0,0,0,0,0,0,0,0,0,0,p,0,0,0,bcp
229,0,b,c,0,0,0,0,0,0,0,0,0,0,0,0,p,0,0,0,bcp
230,0,b,c,0,0,0,0,0,0,0,0,0,0,0,0,p,0,0,0,bcp
231,0,b,c,0,0,f,g,0,0,0,0,0,0,0,0,0,0,0,0,bcfg
232,0,b,0,0,0,f,0,0,0,0,0,0,0,0,0,0,0,0,s,bf
233,0,b,0,0,0,0,0,0,0,0,0,0,0,0,0,0,0,0,0,b
234,0,b,0,0,0,0,0,0,0,0,0,0,0,0,0,0,0,0,0,b
235,0,b,0,0,0,f,0,0,0,0,0,0,0,0,0,p,0,r,0,bfpr
236,0,0,0,0,0,f,0,0,i,0,0,l,0,0,0,0,0,0,0,fil
237,0,0,0,0,0,0,0,0,i,0,0,0,0,0,o,0,0,0,0,io
238,0,0,0,0,0,f,0,0,0,0,0,0,0,0,0,0,0,0,0,f
239,0,0,0,0,0,0,g,0,i,0,0,0,0,0,0,p,0,0,0,gip
240,0,0,0,d,0,f,0,0,0,0,0,0,0,0,0,0,0,0,0,df
241,0,b,0,0,0,0,0,0,0,0,0,0,0,0,o,0,0,r,0,bor
242,0,0,0,0,0,f,0,0,0,0,0,0,0,0,0,0,0,0,0,f
243,0,0,0,0,e,f,0,0,0,0,0,0,0,0,0,0,0,0,0,ef
244,0,b,0,0,0,0,0,0,i,0,0,0,0,0,0,0,q,0,0,biq
245,0,b,0,0,0,0,0,0,i,0,0,0,0,0,0,0,q,r,0,biqr
246,0,0,0,0,0,0,0,0,i,0,0,0,0,0,o,0,0,0,0,io
247,0,b,c,0,e,0,0,0,0,0,0,0,0,0,0,0,0,0,0,bce
248,0,0,0,0,0,f,g,0,0,0,0,0,0,0,0,0,0,0,0,fg
249,0,0,0,0,0,f,0,0,0,0,0,0,0,0,0,0,0,0,0,f
250,0,b,0,0,0,0,0,0,0,0,0,0,0,0,0,p,0,0,0,bp
251,0,0,0,0,0,f,0,0,0,0,0,0,0,0,0,0,0,0,0,f
252,0,b,c,0,0,0,0,0,0,0,0,0,0,0,0,p,q,0,0,bcpq
253,0,0,0,0,0,0,0,0,i,0,0,0,0,0,o,0,0,0,0,io
254,0,b,c,0,0,0,g,0,0,0,0,0,0,0,0,0,0,0,0,bcg
255,0,0,0,0,0,f,0,0,0,0,0,0,0,0,o,0,0,0,0,fo
256,0,0,0,0,0,f,0,0,0,0,0,0,0,0,o,0,0,0,0,fo
257,0,b,c,0,0,f,0,0,0,0,0,0,0,0,0,p,0,0,0,bcfp
258,0,0,0,0,0,0,0,0,i,0,0,0,0,0,0,p,0,0,0,ip
259,0,0,0,0,e,f,0,0,0,0,0,0,0,0,0,0,0,0,0,ef
260,0,b,0,0,0,0,0,0,0,0,0,0,0,n,0,p,q,0,0,bnpq
261,0,0,0,0,e,f,0,0,0,0,0,0,0,0,0,0,0,0,0,ef
262,0,0,0,0,0,0,0,0,i,0,0,0,0,0,0,0,0,0,0,i
263,0,b,0,0,0,0,0,0,0,0,0,0,0,0,0,0,0,0,0,b
264,0,0,0,0,0,0,0,0,0,0,0,0,0,0,0,p,q,0,0,pq
265,0,b,0,0,0,0,0,0,0,0,0,0,0,0,0,0,q,0,0,bq
266,0,b,c,0,0,0,0,0,0,0,0,0,0,0,0,0,0,0,0,bc
267,0,0,0,0,0,0,0,0,i,0,0,0,0,0,0,0,0,0,0,i
268,0,0,0,0,0,0,0,0,i,0,0,0,0,0,o,0,0,0,0,io
269,0,0,0,0,0,f,0,0,0,0,0,0,0,0,0,0,0,0,0,f
270,0,0,0,0,0,0,0,0,i,0,0,0,0,0,0,p,q,0,0,ipq
271,0,b,c,0,0,0,0,0,0,0,0,0,0,0,0,p,0,r,0,bcpr
272,0,0,0,0,0,0,0,0,i,0,0,l,0,0,0,0,0,0,0,il
273,0,b,0,0,0,0,g,0,0,0,0,0,0,0,0,0,q,0,0,bgq
274,0,0,0,0,0,f,0,0,0,0,0,0,0,0,o,0,0,0,0,fo
275,0,0,0,0,0,0,0,0,i,0,0,0,0,0,o,0,0,0,0,io
276,0,0,0,0,0,0,0,0,i,0,0,0,0,0,o,0,0,0,0,io
277,0,0,0,0,0,0,0,0,i,0,0,0,0,0,0,0,0,0,0,i
278,0,0,0,0,0,0,0,0,i,0,0,0,0,0,o,0,0,0,0,io
279,0,0,0,0,0,0,0,0,i,0,0,0,0,0,0,0,0,0,0,i
280,0,0,0,0,0,0,0,0,i,0,0,l,0,0,o,0,0,0,0,ilo
281,0,b,0,0,0,0,0,0,0,0,0,0,0,0,0,0,q,0,0,bq
282,0,0,0,0,0,0,0,0,i,0,0,l,0,0,0,0,0,0,0,il
283,0,0,0,0,0,0,0,0,i,0,0,0,0,0,o,0,0,0,0,io
284,0,0,0,0,0,f,0,0,0,0,0,0,0,0,o,0,0,0,0,fo
285,0,0,0,0,0,0,0,0,i,0,0,0,0,0,0,0,0,0,0,i
286,0,0,0,0,0,0,0,0,i,0,0,0,0,0,o,0,0,r,0,ior
287,0,0,0,0,0,0,0,0,i,0,0,0,0,0,0,0,0,0,0,i
288,0,0,0,0,0,0,0,0,0,0,0,0,0,0,0,0,q,0,0,q
289,0,0,0,0,0,0,0,0,i,0,0,0,m,0,0,0,0,0,0,im
290,0,0,0,0,0,f,0,0,0,0,0,0,0,0,0,0,0,0,0,f
291,0,0,0,0,0,0,0,0,0,0,0,0,0,n,0,0,q,0,0,nq
292,0,0,0,0,0,0,0,0,i,0,0,0,0,0,0,0,0,0,0,i
293,0,0,0,0,0,0,g,0,i,0,0,0,0,0,0,0,0,0,0,gi
294,0,0,0,0,0,f,0,0,0,0,0,0,0,0,0,0,0,0,0,f
295,0,b,0,0,0,0,0,0,0,0,0,0,0,0,0,0,q,0,0,bq
296,0,0,0,0,0,0,0,0,i,0,0,0,0,0,0,0,0,0,0,i
297,0,0,0,0,0,0,0,0,i,0,0,0,0,0,0,0,0,0,0,i
298,0,b,0,0,0,0,0,0,0,0,0,0,0,0,0,p,q,0,0,bpq
299,0,0,0,0,0,0,g,0,i,0,k,0,0,0,0,0,0,0,0,gik
300,0,b,0,0,0,0,0,0,0,0,0,0,0,0,0,0,q,0,0,bq
301,0,0,0,0,0,f,0,0,0,0,0,0,0,0,0,0,0,0,0,f
302,0,0,0,0,0,0,g,0,0,0,k,0,0,n,0,0,q,0,0,gknq
303,0,0,0,0,0,0,0,0,i,0,0,0,0,0,0,0,0,0,0,i
304,0,0,c,0,e,0,0,0,0,0,0,0,0,0,0,0,0,0,0,ce
305,0,0,0,0,0,0,0,0,i,0,0,0,0,0,0,0,0,0,0,i
306,0,0,0,0,0,0,0,0,i,0,0,0,0,0,o,0,0,0,0,io
307,0,0,0,0,0,0,g,0,0,0,0,0,0,n,0,0,q,0,0,gnq
308,0,0,0,0,e,0,0,0,i,j,0,l,0,0,0,0,0,0,0,eijl
309,0,0,0,0,0,0,g,0,0,0,0,0,0,0,0,0,0,0,0,g
310,0,0,0,0,0,0,0,0,i,0,0,0,0,0,0,0,0,0,0,i
311,0,0,0,0,0,0,0,0,i,0,0,0,0,0,o,0,q,0,0,ioq
312,0,0,0,0,0,f,g,0,i,0,0,0,0,n,0,0,0,0,0,fgin
313,0,b,0,0,0,0,0,0,i,0,0,0,0,0,o,0,0,0,0,bio
314,0,b,0,0,e,0,0,0,0,0,0,0,0,0,0,0,0,0,0,be
315,0,0,0,0,0,0,0,0,i,0,0,0,0,0,0,0,q,0,0,iq
316,0,0,0,0,0,f,0,0,i,0,0,0,0,0,0,0,0,0,0,fi
317,0,0,0,0,0,0,0,0,i,0,0,0,0,0,0,0,0,0,0,i
318,0,0,0,0,0,0,0,0,i,0,0,0,0,0,0,0,0,r,0,ir
319,0,0,0,0,0,f,0,0,0,0,0,0,m,0,o,0,0,0,0,fmo
320,0,0,0,0,0,0,0,h,0,0,0,0,0,0,0,0,0,0,0,h
321,0,0,0,0,0,f,0,0,0,0,0,0,0,0,0,0,0,0,0,f
322,0,0,0,0,0,0,0,0,0,0,0,0,0,n,0,0,q,0,0,nq
323,0,b,0,0,0,0,0,0,0,0,0,0,0,0,0,0,q,0,0,bq
324,0,0,0,0,0,0,0,0,0,0,0,0,0,n,0,0,0,0,0,n
325,0,0,0,0,0,0,0,0,i,0,0,l,0,0,0,0,q,0,0,ilq
326,0,b,0,0,0,0,0,0,i,0,0,0,0,0,0,0,0,r,0,bir
327,0,0,0,0,0,0,g,0,i,0,0,0,0,n,0,0,0,0,0,gin
328,0,b,0,0,0,0,0,0,0,0,0,0,0,n,o,0,q,0,0,bnoq
329,0,0,0,0,0,0,g,0,i,0,0,0,0,0,0,0,q,0,0,giq
330,0,0,0,0,0,0,0,0,i,0,0,0,0,0,0,0,0,0,0,i
331,0,0,c,0,0,0,0,0,0,0,0,0,0,0,0,0,q,0,0,cq
332,0,0,0,0,0,0,g,0,i,0,0,0,0,0,0,0,q,0,0,giq
333,0,0,0,0,0,0,0,0,0,0,0,0,0,n,0,0,q,0,0,nq
334,0,b,0,0,0,0,g,0,0,0,0,0,0,n,0,0,0,0,0,bgn
335,0,0,0,0,0,f,0,0,0,0,0,l,0,0,0,0,0,0,0,fl
336,0,0,0,0,0,0,g,0,0,0,0,0,0,0,0,0,q,0,0,gq
337,0,0,0,0,0,f,0,0,i,0,0,0,0,0,0,0,q,0,0,fiq
338,0,0,0,0,0,f,0,0,0,0,0,0,0,0,0,0,0,0,0,f
339,0,b,0,0,0,0,0,0,i,0,0,0,0,0,0,0,0,0,0,bi
340,0,0,0,0,0,0,0,0,i,0,0,0,0,0,0,0,0,0,0,i
341,0,0,0,0,0,f,0,0,0,0,0,0,0,0,0,0,0,0,0,f
342,0,0,0,0,0,f,0,0,0,0,0,l,0,n,0,0,0,0,0,fln
343,0,b,0,0,0,0,0,0,0,0,0,0,0,0,0,p,0,0,0,bp
344,0,0,0,0,0,0,0,0,i,0,0,0,0,0,0,0,0,0,0,i
345,0,0,0,0,0,f,0,0,i,0,0,0,0,0,0,0,0,0,0,fi
346,0,0,0,0,0,0,g,0,i,0,0,0,0,0,0,0,0,0,0,gi
347,0,0,0,0,0,f,0,0,i,0,0,0,0,0,0,0,0,0,0,fi
348,0,0,0,0,0,0,g,0,i,0,0,0,0,0,0,0,q,0,0,giq
349,0,b,0,0,0,0,0,0,0,0,0,0,0,0,0,0,q,0,0,bq
350,0,b,0,0,0,0,0,0,0,0,0,0,0,n,0,0,q,0,0,bnq
351,0,0,0,0,0,0,0,0,0,0,0,0,0,0,0,0,0,0,0,
352,0,0,0,0,0,f,0,0,0,0,0,0,m,0,0,0,0,0,0,fm
353,0,b,0,0,0,0,0,0,0,0,0,l,0,0,0,p,0,0,0,blp
354,0,0,0,0,0,f,0,0,0,0,0,0,0,0,o,0,0,0,0,fo
355,0,0,c,0,0,0,0,0,0,0,0,0,0,0,0,p,q,0,0,cpq
356,0,0,0,0,0,0,0,0,i,0,0,0,0,n,0,0,q,0,0,inq
357,0,0,0,0,0,0,0,0,i,0,0,0,0,0,0,0,0,0,0,i
358,0,b,c,0,0,0,0,0,0,0,0,0,0,0,0,p,q,0,0,bcpq
359,0,0,0,0,0,0,0,0,0,0,0,0,0,0,0,0,q,0,0,q
360,0,0,0,0,0,0,0,h,0,0,0,0,0,0,0,0,0,0,0,h
361,0,0,0,0,0,0,g,0,0,0,0,0,0,0,0,0,q,0,0,gq
362,0,b,0,0,0,f,0,0,0,0,0,0,m,0,0,0,0,0,0,bfm
363,0,b,0,0,0,0,0,0,0,0,0,0,0,0,0,0,0,0,0,b
364,0,0,0,0,0,f,0,0,0,0,0,0,0,0,0,0,0,0,0,f
365,0,0,0,0,0,0,0,0,i,0,0,l,0,0,0,0,0,0,0,il
366,0,0,0,0,0,0,0,0,i,0,0,l,0,0,0,0,0,0,0,il
367,0,0,0,0,0,f,0,0,0,0,0,l,0,0,0,0,0,0,0,fl
368,0,0,0,0,0,f,0,0,0,0,0,l,0,0,0,0,0,0,0,fl
369,0,0,0,0,0,f,0,0,0,0,0,l,0,0,0,0,0,0,0,fl
370,0,0,0,0,0,0,0,0,i,0,0,l,0,0,0,0,q,0,0,ilq
371,0,0,0,0,0,0,0,0,i,0,0,l,0,0,o,0,0,0,0,ilo
372,0,0,0,0,0,f,0,0,0,0,0,l,0,0,0,0,0,0,0,fl
373,0,b,c,0,0,0,0,0,0,0,0,l,0,0,0,p,0,0,0,bclp
374,0,b,0,0,e,0,0,0,0,0,0,l,0,0,0,0,0,0,0,bel
375,0,0,0,0,0,0,0,0,i,0,0,l,0,0,0,0,0,0,0,il
376,0,0,0,0,0,f,0,0,0,0,0,l,0,0,0,0,0,0,0,fl
377,0,0,0,0,e,f,0,0,0,0,0,l,0,0,0,0,0,0,0,efl
378,0,0,0,0,0,0,0,0,i,0,0,0,0,0,0,0,0,0,0,i
379,0,0,0,0,0,0,0,0,0,0,0,0,0,0,0,0,0,0,0,
380,0,b,c,0,0,0,0,0,0,0,0,0,0,0,0,p,0,0,0,bcp
381,0,0,0,0,0,f,0,0,0,0,0,l,0,0,o,0,0,0,0,flo
382,0,0,0,0,0,f,0,0,i,0,0,l,0,0,0,0,0,0,0,fil
383,0,0,0,0,e,f,0,0,0,0,0,0,0,0,0,0,0,0,0,ef
384,0,0,0,0,0,f,0,0,0,0,0,0,0,0,0,0,0,0,0,f
385,0,b,c,0,0,f,0,0,0,0,0,0,0,0,o,0,0,0,0,bcfo
386,0,0,0,0,0,f,0,0,0,0,0,0,0,0,0,0,0,0,0,f
387,0,0,0,0,0,0,0,0,i,0,0,0,0,0,0,0,0,0,0,i
388,0,b,0,0,0,f,0,0,0,0,0,0,0,0,0,0,0,0,0,bf
389,0,0,c,0,e,0,0,0,0,0,0,0,0,0,0,0,0,0,0,ce
390,0,0,0,0,0,f,0,0,0,0,0,0,0,0,0,0,0,0,0,f
391,0,b,0,0,0,f,0,0,0,0,0,0,0,0,0,0,0,0,0,bf
392,0,0,0,0,0,0,0,0,i,0,0,0,0,0,0,0,0,0,0,i
393,0,0,0,0,0,f,0,0,0,0,0,0,0,0,0,0,0,0,0,f
394,0,0,0,0,0,f,0,0,0,0,0,0,0,n,o,0,0,0,0,fno
395,0,0,0,0,0,f,0,0,0,0,0,0,0,0,0,0,0,0,0,f
396,0,0,0,0,0,f,g,0,0,0,0,0,0,0,0,0,0,0,0,fg
397,0,b,0,0,0,0,0,0,0,0,0,0,0,0,0,0,0,0,0,b
398,0,b,c,0,e,0,0,0,0,0,0,0,0,0,0,p,0,0,0,bcep
399,0,b,c,0,0,f,0,0,0,0,0,0,0,0,0,0,0,0,0,bcf
400,0,0,0,0,e,f,0,0,0,0,0,0,0,0,0,0,0,0,0,ef
401,0,0,0,0,0,f,0,0,0,0,0,0,0,0,0,0,0,0,0,f
402,0,0,0,0,0,f,0,0,0,0,0,0,0,0,o,0,q,0,0,foq
403,0,b,c,0,0,0,g,0,i,0,0,0,0,0,0,0,0,0,0,bcgi
404,0,0,0,d,e,0,0,0,0,0,0,0,0,0,0,0,0,0,0,de
405,0,b,c,0,0,0,0,0,0,0,0,0,0,n,0,0,0,0,0,bcn
406,0,0,0,0,0,0,0,0,0,0,0,0,0,0,0,0,q,0,0,q
407,0,0,0,0,0,f,0,0,0,0,0,0,0,0,0,0,0,0,0,f
408,0,0,0,d,0,f,0,0,0,0,0,0,0,0,0,0,q,0,0,dfq
409,0,0,0,0,0,f,0,0,i,0,0,0,0,0,0,0,0,0,0,fi
410,0,0,0,0,0,f,0,0,0,0,0,0,0,0,0,0,0,0,0,f
411,0,0,0,0,0,f,0,0,0,j,0,0,0,0,o,p,0,0,0,fjop
412,0,0,0,0,0,f,0,0,0,0,0,0,0,0,0,0,0,0,0,f
413,0,0,0,0,0,0,0,0,0,0,0,0,0,0,0,0,0,0,0,
414,0,0,0,0,0,f,0,0,0,0,0,0,0,0,0,0,0,0,0,f
415,0,0,0,0,e,f,0,0,0,0,0,0,0,0,0,0,0,0,s,ef
416,0,0,0,0,e,0,0,0,i,0,0,0,0,0,0,0,0,0,0,ei
417,0,0,0,0,e,0,0,0,i,0,0,0,0,0,0,0,0,0,0,ei
418,0,0,0,d,e,0,0,0,0,0,0,0,m,0,0,0,0,0,0,dem
419,0,0,0,0,e,f,0,0,0,0,0,0,m,0,0,0,0,0,0,efm
420,0,0,0,d,e,0,0,0,0,0,0,0,m,0,0,0,0,0,0,dem
421,0,0,0,0,0,0,0,0,i,0,0,0,0,0,o,0,0,0,0,io
422,0,0,0,d,e,f,0,0,0,0,0,0,0,0,0,0,0,0,0,def
423,0,0,0,0,e,0,0,0,i,j,0,0,0,0,0,p,0,0,0,eijp
424,0,0,0,0,0,0,0,0,0,0,0,0,0,0,0,0,0,0,0,
425,0,0,0,0,0,f,0,0,0,0,0,0,0,0,0,0,0,0,0,f
426,0,b,0,d,e,0,0,0,0,0,0,0,0,0,0,p,q,r,0,bdepqr
427,0,0,0,0,0,0,0,0,i,0,0,0,0,0,0,0,0,0,0,i
428,0,0,0,0,0,f,0,0,0,0,0,0,0,0,0,0,0,0,0,f
429,0,0,0,0,0,0,0,0,i,0,0,0,0,0,0,p,0,0,0,ip
430,0,0,0,0,0,f,0,0,0,0,0,0,0,0,0,0,0,r,0,fr
431,0,b,c,0,0,0,0,0,0,0,0,0,0,0,0,0,0,0,0,bc
432,0,0,0,d,e,0,0,0,0,0,0,0,m,0,0,0,0,0,0,dem
433,0,0,0,0,0,f,0,0,0,0,0,0,0,0,0,0,0,0,0,f
434,0,0,0,0,0,0,0,0,0,0,0,0,0,0,0,p,0,0,0,p
435,0,b,0,0,0,f,0,0,0,0,0,0,0,0,0,0,0,0,s,bf
436,0,0,0,0,0,0,0,0,0,0,0,0,0,0,0,0,0,0,0,
437,0,0,0,0,0,0,0,0,0,0,0,0,0,0,0,0,0,0,0,
438,0,0,0,0,0,0,0,0,0,0,0,0,0,0,0,0,0,0,0,
439,0,0,0,0,0,0,0,0,0,0,0,0,0,0,0,0,0,0,0,
440,0,0,0,0,0,0,0,0,0,0,0,0,0,0,0,0,0,0,0,
441,0,0,0,0,0,0,0,0,0,0,0,0,0,0,0,0,0,0,0,
442,0,0,0,0,0,0,0,0,0,0,0,0,0,0,0,0,0,0,0,
443,0,0,0,0,0,0,0,0,0,0,0,0,0,0,0,0,0,0,0,
444,0,0,0,0,0,0,0,0,0,0,0,0,0,0,0,p,0,0,0,p
445,0,0,0,0,0,0,0,0,0,0,0,0,0,0,0,0,0,0,0,
446,0,0,0,0,0,0,0,0,0,0,0,0,0,0,0,0,0,0,0,
447,0,0,0,0,0,0,0,0,0,0,0,0,0,0,0,0,0,0,0,
448,0,0,0,0,0,0,0,0,0,0,0,0,0,0,0,0,0,0,0,
449,0,b,c,0,0,0,0,0,0,0,0,0,0,0,0,p,0,0,0,bcp
450,0,b,c,0,0,0,0,0,0,0,0,0,0,0,0,p,0,0,0,bcp
451,0,0,0,0,0,f,0,0,0,0,0,0,m,0,o,0,0,0,0,fmo
452,0,b,0,0,0,0,0,0,0,0,0,0,0,0,0,0,0,0,0,b
453,0,b,0,0,0,0,0,0,0,0,0,0,0,0,0,0,0,0,0,b
454,0,0,0,0,0,0,0,0,i,0,0,0,0,0,0,0,0,0,0,i
455,0,b,0,0,0,0,0,0,0,0,0,0,0,0,0,0,0,0,0,b
456,0,b,0,0,0,f,0,0,0,0,0,0,0,0,0,0,0,0,0,bf
457,0,0,c,0,e,0,0,0,i,0,0,0,0,0,0,0,0,0,0,cei
458,0,0,0,0,0,0,0,0,i,0,0,0,0,0,0,0,0,0,0,i
459,0,0,0,0,0,0,0,0,i,0,0,0,0,0,0,0,0,0,0,i
460,0,0,0,0,0,0,0,0,i,0,0,0,0,0,0,0,0,0,0,i
461,0,0,0,0,0,0,0,0,i,0,0,0,0,0,0,0,0,0,0,i
462,0,0,0,0,0,0,0,0,i,0,0,0,0,0,o,0,0,0,0,io
463,0,0,c,0,0,0,0,0,0,0,0,0,0,0,0,0,0,0,0,c
464,0,0,0,0,0,0,0,0,i,0,0,0,0,0,0,0,0,0,0,i
465,0,0,c,0,e,0,0,0,0,0,0,0,0,0,o,0,0,0,0,ceo
466,0,0,0,0,0,0,0,0,0,0,0,0,0,0,0,0,q,0,0,q
467,0,0,0,0,0,0,0,0,i,0,0,0,0,0,0,0,0,0,0,i
468,0,0,0,0,0,0,0,0,i,0,0,0,0,0,0,0,0,0,0,i
469,0,0,0,0,0,0,0,0,i,0,0,0,0,0,0,0,0,0,0,i
470,0,0,0,0,0,0,0,0,0,0,0,0,0,0,0,0,0,0,s,
471,0,0,0,0,0,0,0,0,i,0,0,0,0,0,0,0,0,r,0,ir
472,0,b,c,0,0,0,0,0,0,j,0,0,0,0,0,0,0,0,0,bcj
473,0,0,0,d,e,0,0,0,0,0,0,0,m,0,0,0,0,0,0,dem
474,0,0,0,0,0,0,0,0,0,0,0,0,0,0,0,p,0,r,0,pr
475,0,0,0,0,0,0,0,0,i,0,0,0,0,0,0,0,0,0,0,i
476,0,0,0,0,0,f,0,0,0,0,0,0,0,0,0,0,0,0,0,f
477,0,0,0,0,e,f,0,0,0,0,0,0,0,0,0,0,0,0,0,ef
478,0,0,0,0,0,f,0,0,0,0,0,0,0,0,o,0,0,0,0,fo
479,0,0,0,0,0,0,0,0,0,0,0,0,0,n,0,0,q,0,0,nq
480,0,0,0,0,0,f,0,0,0,0,0,l,0,0,0,0,q,0,0,flq
481,0,0,0,0,0,f,0,0,i,0,0,0,0,0,0,0,0,0,0,fi
482,0,0,0,0,0,f,g,0,0,0,0,0,0,0,0,0,0,0,0,fg
483,0,0,0,0,0,0,0,0,i,0,0,0,0,0,o,0,0,r,0,ior
484,0,0,0,0,0,0,0,0,0,0,k,0,0,n,0,0,0,0,0,kn
485,0,0,0,0,0,0,0,0,0,0,0,0,m,0,o,0,0,0,0,mo
486,0,0,0,0,0,f,0,0,0,0,0,0,0,0,o,0,0,0,0,fo
487,0,0,0,0,0,f,0,0,0,0,0,0,0,0,o,0,0,0,0,fo
488,0,0,0,0,0,0,0,0,0,0,k,l,0,0,0,0,0,0,0,kl
489,0,0,0,0,0,0,0,0,0,0,k,0,0,0,o,0,q,0,0,koq
490,0,0,0,0,0,f,0,0,0,0,0,l,0,0,o,0,q,0,0,floq
491,0,b,c,0,0,0,0,0,0,0,0,0,0,0,0,0,0,0,0,bc
492,0,0,0,0,0,0,0,0,i,0,0,l,0,0,0,0,0,0,0,il
493,0,0,0,0,0,0,0,0,0,0,0,l,0,n,0,0,0,0,0,ln
494,0,0,0,0,0,f,0,0,0,0,0,l,0,0,0,0,0,0,0,fl
495,0,0,c,0,0,f,0,0,0,0,0,0,0,0,0,0,0,0,0,cf
496,0,0,0,0,0,0,0,0,i,0,0,l,0,0,0,0,0,0,0,il
497,0,0,0,0,0,f,0,0,0,0,0,0,0,0,0,0,0,0,0,f
498,0,b,c,0,0,0,0,0,0,0,0,l,0,0,o,0,0,r,0,bclor
499,0,0,0,0,0,0,0,0,i,0,0,0,0,0,0,0,0,0,0,i
500,0,0,c,0,e,0,0,0,0,0,0,0,0,0,0,0,0,0,0,ce
501,0,0,0,d,e,0,0,0,0,0,0,0,m,0,0,0,0,0,0,dem
502,0,0,0,0,0,f,0,0,0,0,0,l,0,0,0,0,0,r,0,flr
503,0,0,0,0,0,0,0,0,i,0,0,0,0,0,0,0,0,0,0,i
504,0,0,0,0,0,0,g,0,i,0,0,0,0,0,0,0,0,0,0,gi
505,0,0,0,0,0,0,0,0,0,0,0,0,0,n,0,0,q,0,0,nq
506,0,0,0,0,0,0,0,0,i,0,0,0,0,0,0,0,0,0,0,i
507,0,0,0,0,0,0,0,0,i,0,0,0,0,0,0,0,0,0,0,i
508,0,0,0,0,0,0,0,0,i,0,0,0,0,0,0,0,0,0,0,i
509,0,0,0,0,0,0,0,0,i,0,0,0,0,0,0,0,0,0,0,i
510,0,b,0,0,0,0,0,0,i,0,0,0,0,0,0,0,0,0,s,bi
511,0,0,c,0,0,0,0,0,0,0,0,0,0,0,0,0,0,r,0,cr
512,0,0,0,0,0,f,0,0,i,0,0,0,0,0,o,0,0,0,0,fio
513,0,0,0,0,0,0,0,0,0,0,0,0,0,n,0,0,q,0,0,nq
514,0,0,0,0,0,f,0,0,0,0,0,0,0,0,o,0,0,0,0,fo
515,0,b,0,0,0,0,0,0,i,0,0,0,0,0,0,0,0,r,0,bir
516,0,0,0,0,0,f,0,0,0,0,0,0,0,0,0,0,0,0,0,f
517,0,0,0,0,0,f,0,0,i,0,0,0,0,0,o,0,0,0,0,fio
518,0,0,0,0,0,0,0,0,i,0,0,0,0,0,0,0,0,0,0,i
519,0,0,c,0,0,0,0,0,0,0,0,l,0,0,0,0,0,0,0,cl
520,0,0,c,0,0,0,0,0,0,0,0,0,0,0,0,0,0,r,0,cr
521,0,0,0,0,0,0,0,0,i,0,0,0,0,0,0,0,0,r,0,ir
522,0,0,0,0,0,f,0,0,i,0,0,0,0,0,0,0,0,0,0,fi
523,0,0,0,0,0,f,0,0,i,0,0,0,0,0,0,0,0,0,0,fi
524,0,0,0,0,0,f,0,0,0,0,0,0,0,0,0,0,0,0,0,f
525,0,0,0,0,0,0,0,0,0,0,k,0,0,n,0,0,0,0,0,kn
526,0,b,c,0,0,0,0,0,i,0,0,0,0,0,0,0,0,0,0,bci
527,0,0,0,0,0,0,0,0,i,0,0,0,0,0,0,0,0,0,0,i
528,0,0,0,0,0,0,0,0,i,0,0,0,0,0,0,0,0,r,0,ir
529,0,0,0,0,0,0,0,0,i,0,0,0,0,0,0,0,0,0,0,i
530,0,0,c,0,0,0,0,0,0,0,0,0,0,0,0,0,0,0,0,c
531,0,0,0,0,0,0,0,0,i,0,0,0,0,0,o,0,0,0,0,io
532,0,0,0,0,0,0,0,0,0,0,0,0,0,0,o,0,0,0,0,o
533,0,0,0,0,0,0,0,0,0,0,0,0,0,n,0,0,0,0,0,n
534,0,0,0,0,0,0,0,0,i,0,0,0,0,0,0,0,0,0,0,i
535,0,0,0,0,0,f,0,0,0,0,0,0,0,0,o,0,0,0,0,fo
536,0,0,0,0,0,0,0,0,i,0,0,0,0,0,0,0,0,0,0,i
537,0,0,0,0,0,0,0,0,i,0,0,0,0,0,0,0,0,0,0,i
538,0,0,0,d,e,0,0,0,0,0,0,0,m,0,0,0,0,0,0,dem
539,0,0,0,0,e,f,0,0,0,0,0,0,0,0,0,0,0,0,0,ef
540,0,b,0,0,0,0,0,0,0,0,0,0,0,0,0,0,0,0,0,b
541,0,b,c,0,0,0,0,0,0,0,0,0,0,0,0,0,0,0,0,bc
542,0,0,0,d,e,0,0,0,0,0,0,0,m,0,o,0,0,0,0,demo
543,0,0,0,0,0,0,0,0,i,0,0,0,m,0,0,0,0,0,0,im
544,0,0,0,0,0,0,g,0,i,0,0,0,0,0,o,0,0,0,0,gio
545,0,0,0,0,0,f,0,0,0,0,0,l,0,0,o,0,0,0,0,flo
546,0,b,0,0,0,0,0,0,0,0,0,0,0,0,0,0,q,0,0,bq
547,0,0,0,0,0,0,g,0,0,0,0,0,0,0,0,0,0,0,0,g
548,0,0,0,0,e,0,0,0,0,j,0,0,0,0,0,0,0,0,0,ej
549,0,0,0,0,0,0,0,0,i,0,0,0,0,0,o,0,0,r,0,ior
550,0,b,0,0,0,0,0,0,0,0,0,0,0,0,0,0,q,0,0,bq
551,0,0,0,0,0,0,0,0,0,0,0,0,0,0,0,0,0,0,0,
552,0,0,0,0,0,0,0,0,0,0,0,0,0,0,0,p,0,0,0,p
553,0,0,0,0,0,0,0,0,i,0,0,0,0,0,o,0,0,0,0,io
554,0,b,c,0,0,0,0,0,0,0,0,0,0,0,0,0,0,0,0,bc
555,0,0,0,0,0,0,0,0,i,0,0,0,0,0,0,0,0,0,0,i
556,0,0,0,0,0,0,0,0,0,0,0,0,0,0,0,0,0,0,s,
557,0,0,0,0,0,0,0,0,i,0,0,0,m,0,0,0,0,0,0,im
558,0,0,0,0,0,0,0,0,i,j,0,0,0,0,0,0,q,0,0,ijq
559,0,0,0,0,0,0,0,0,i,0,0,0,0,0,0,0,0,0,0,i
560,0,0,c,0,e,f,0,0,0,j,0,0,0,0,o,p,0,0,0,cefjop
561,0,0,0,0,0,0,0,0,i,0,0,0,0,0,0,0,0,0,0,i
562,0,b,c,0,0,0,0,0,0,0,0,0,0,0,0,0,0,0,s,bc
563,0,0,0,0,0,0,0,0,0,0,0,0,0,0,0,0,0,0,0,
564,0,0,0,0,0,f,0,0,0,0,0,l,0,0,0,0,0,0,0,fl
565,0,0,0,0,0,0,0,0,0,0,0,0,0,0,0,0,q,0,0,q
566,0,b,c,0,0,0,0,0,0,0,0,l,0,0,0,0,q,0,0,bclq
567,0,0,0,0,0,0,0,0,0,0,0,0,0,0,0,0,0,0,0,
568,0,b,0,0,0,0,0,0,0,0,0,0,0,0,o,0,q,0,0,boq
569,0,0,0,0,0,0,0,0,i,0,0,0,0,0,0,0,0,0,0,i
570,0,0,0,0,0,0,0,0,0,0,0,0,0,0,0,0,0,0,s,
571,0,0,0,0,0,f,0,0,0,0,0,0,0,0,0,0,q,0,0,fq
572,0,b,0,0,0,0,0,0,0,0,0,0,0,0,0,0,q,0,0,bq
573,0,0,0,0,0,0,0,0,0,0,0,0,0,0,0,p,q,0,0,pq
574,0,0,0,0,0,0,0,0,0,0,0,0,0,n,o,0,q,0,0,noq
575,0,0,0,0,0,f,0,0,0,0,0,0,0,0,0,0,0,0,s,f
576,0,b,c,0,0,0,g,0,0,0,0,0,0,0,0,0,0,0,0,bcg
577,0,0,0,0,0,f,0,0,0,0,0,0,0,0,0,p,0,0,0,fp
578,0,b,0,0,0,0,0,0,0,0,0,0,0,0,0,p,0,0,0,bp
579,0,0,0,0,0,f,0,0,0,0,0,0,0,0,0,0,0,0,0,f
580,0,0,0,0,0,f,0,0,0,0,0,0,0,0,o,0,0,0,0,fo
581,0,0,0,0,0,0,0,0,i,0,0,0,0,0,0,0,q,0,0,iq
582,0,0,0,0,0,0,0,0,i,0,0,0,0,0,o,0,0,0,0,io
583,0,0,0,0,0,0,g,0,0,0,0,0,0,0,0,0,q,0,0,gq
584,0,0,0,0,e,0,0,0,i,0,0,0,0,0,0,0,0,0,0,ei
585,0,0,0,0,0,f,0,0,0,0,0,0,0,0,0,0,0,0,0,f
586,0,b,0,0,0,0,0,0,0,0,0,0,0,0,0,0,0,0,0,b
587,0,0,0,0,0,0,0,0,i,0,0,0,0,n,0,0,0,0,0,in
588,0,0,0,d,e,0,0,0,0,0,0,0,m,0,0,0,0,0,0,dem
589,0,0,0,0,0,0,0,0,0,0,0,0,0,0,0,0,0,0,s,
590,0,b,0,0,0,0,0,0,0,0,0,0,0,0,0,p,0,0,0,bp
591,0,0,0,0,0,0,0,0,i,0,0,0,0,0,0,0,q,0,0,iq
592,0,0,0,0,0,0,0,0,0,0,0,0,0,n,0,0,q,0,0,nq
593,0,0,0,0,0,0,0,0,0,0,0,0,0,0,0,0,0,r,0,r
594,0,0,0,0,0,0,0,0,i,0,0,l,0,0,o,0,0,0,0,ilo
595,0,0,0,0,0,0,0,0,0,0,0,l,0,0,0,0,q,0,0,lq
596,0,0,0,d,e,0,0,0,0,0,0,l,m,0,0,0,0,0,0,delm
597,0,b,0,0,0,0,0,0,0,0,0,l,0,0,0,0,q,0,0,blq
598,0,0,0,0,0,f,0,0,i,0,0,l,0,0,0,0,0,0,0,fil
599,0,b,0,0,0,0,0,0,0,0,0,l,0,0,0,0,0,0,0,bl
600,0,0,0,0,e,0,0,0,0,0,0,l,0,0,0,0,0,0,0,el
601,0,0,c,0,0,0,0,0,0,0,0,l,0,0,0,0,0,r,0,clr
602,0,0,0,0,0,0,0,0,0,0,0,0,m,0,o,0,0,0,0,mo
603,0,0,0,0,0,0,0,0,0,0,0,l,0,n,0,0,q,0,0,lnq
604,0,0,0,0,0,f,0,0,0,0,0,l,0,0,0,0,0,0,0,fl
605,0,0,0,0,0,0,0,0,0,0,0,0,m,0,0,0,0,0,0,m
606,0,0,0,0,0,0,0,0,i,0,0,0,0,0,0,0,0,0,0,i
607,0,0,0,0,0,0,0,0,0,0,0,0,0,0,o,0,q,0,0,oq
608,0,0,0,0,0,0,0,0,0,0,0,0,0,n,o,0,q,0,0,noq
609,0,0,0,0,0,f,0,0,0,0,0,0,0,0,0,0,0,0,0,f
610,0,0,0,0,0,0,0,0,0,0,0,l,m,0,0,0,0,0,0,lm
611,0,0,0,0,0,0,g,0,0,0,k,l,0,n,0,0,0,0,0,gkln
612,0,0,0,0,0,0,0,0,i,0,0,0,0,0,0,0,0,0,0,i
613,0,0,0,0,0,f,0,0,0,0,0,0,0,0,0,0,0,0,0,f
614,0,0,0,0,0,0,0,0,i,0,0,0,0,0,0,0,0,0,0,i
615,0,0,0,0,0,0,0,0,0,0,0,0,0,0,0,0,q,0,0,q
616,0,0,0,0,0,0,0,0,0,0,0,0,0,0,0,p,0,0,0,p
617,0,0,0,0,0,0,0,0,i,0,0,0,0,0,0,0,0,0,0,i
618,0,0,0,0,0,0,0,0,i,0,0,0,0,0,0,0,0,0,0,i
619,0,0,0,0,0,0,0,0,i,0,0,0,0,0,0,0,q,0,0,iq
620,0,0,0,0,0,0,0,0,i,0,0,0,0,0,0,0,0,0,0,i
621,0,0,0,0,0,0,0,0,0,0,0,0,0,0,0,0,0,0,s,
622,0,0,c,0,e,0,0,0,0,0,0,0,0,0,0,0,0,0,0,ce
623,0,0,0,0,e,f,0,0,0,0,0,0,0,0,0,0,0,0,0,ef
624,0,0,0,d,e,0,0,0,0,0,0,0,m,0,0,0,0,0,0,dem
625,0,0,0,d,e,0,0,0,0,0,0,0,0,0,0,0,0,0,0,de
626,0,0,0,0,e,0,0,0,i,0,0,0,0,0,0,0,0,0,0,ei
627,0,0,0,0,0,0,0,0,i,0,0,0,0,0,0,0,0,0,0,i
628,0,0,0,0,0,0,g,0,i,0,0,0,0,0,0,0,0,0,0,gi
629,0,0,0,0,0,f,0,0,0,0,0,0,m,0,0,0,0,0,0,fm
630,0,0,0,0,0,f,0,0,0,0,0,0,m,0,0,0,0,0,0,fm
631,0,b,0,0,0,0,0,0,i,0,0,0,0,0,o,0,0,r,0,bior
632,0,0,0,0,0,0,0,0,i,0,0,0,0,0,0,0,0,0,0,i
633,0,0,0,0,0,0,0,0,i,0,0,0,0,0,0,0,0,0,0,i
634,0,0,0,0,0,0,0,h,0,0,0,0,0,0,0,0,0,0,0,h
635,0,0,0,0,0,0,0,0,0,0,0,l,0,0,0,0,0,0,0,l
636,0,b,c,0,0,0,0,0,0,0,0,0,0,0,0,p,q,0,0,bcpq
637,0,0,0,0,0,f,0,0,0,0,0,0,0,0,0,0,0,0,0,f
638,0,0,0,0,0,0,0,0,i,0,0,0,0,0,0,0,0,0,0,i
639,0,0,0,0,0,0,0,0,i,0,0,0,0,0,0,0,0,0,0,i
640,0,0,0,0,0,0,0,0,i,0,0,0,0,0,0,0,0,0,0,i
641,0,0,0,0,0,0,0,0,i,0,0,0,0,0,0,0,0,r,0,ir
642,0,0,0,0,0,0,g,0,i,0,k,0,0,0,0,0,0,0,0,gik
643,0,0,0,0,0,0,0,0,i,0,0,0,0,0,o,0,0,0,0,io
644,0,0,0,0,0,0,0,h,0,0,0,0,0,0,0,0,0,0,0,h
645,0,0,0,0,0,0,0,h,0,0,0,0,0,0,0,0,0,0,0,h
646,0,0,0,0,0,0,0,0,0,0,0,0,0,0,0,0,0,0,s,
647,0,0,0,0,0,0,0,0,i,0,0,0,0,0,0,0,0,r,0,ir
648,0,0,0,0,0,f,0,0,0,0,0,0,0,0,o,0,0,0,0,fo
649,0,0,0,0,0,0,g,0,i,0,0,0,0,0,0,0,q,0,0,giq
650,0,0,0,0,0,0,0,0,i,0,0,0,0,0,0,0,0,0,0,i
651,0,b,0,0,0,0,0,0,i,0,0,0,0,0,0,0,0,r,0,bir
652,0,0,0,0,0,f,0,0,i,0,0,0,0,0,0,0,0,0,0,fi
653,0,0,0,0,0,0,g,0,0,0,k,0,0,0,0,0,q,0,0,gkq
654,0,0,0,0,0,0,0,0,0,0,k,0,0,n,0,0,q,0,0,knq
655,0,0,c,0,0,f,0,0,i,0,0,0,0,0,0,0,0,0,0,cfi
656,0,0,0,0,0,0,g,0,0,0,k,0,0,0,0,0,q,0,0,gkq
657,0,0,0,0,0,0,0,0,0,0,k,0,0,0,0,0,q,0,0,kq
658,0,0,0,0,0,0,0,0,i,0,0,0,0,0,0,0,0,0,0,i
659,0,0,0,0,0,f,0,0,0,0,0,0,0,n,0,0,q,0,0,fnq
660,0,0,0,0,0,0,0,0,i,0,0,0,0,0,0,0,0,0,0,i
661,0,0,0,0,0,0,0,0,0,0,0,0,0,0,0,0,0,0,s,
662,0,0,0,0,0,0,0,0,i,0,0,0,0,0,o,0,0,0,0,io
663,0,0,0,0,0,f,0,0,0,0,0,0,0,0,0,0,0,0,0,f
664,0,0,0,0,0,0,0,0,i,0,0,0,0,0,0,0,0,0,0,i
665,0,b,0,0,0,0,0,0,0,0,0,0,0,0,0,p,q,0,0,bpq
666,0,0,0,0,0,0,0,0,0,0,0,0,0,0,0,0,0,0,0,
667,0,0,0,0,0,0,0,0,0,0,0,0,0,0,0,0,0,0,0,
668,0,b,0,0,0,0,0,0,0,0,0,0,0,0,0,0,0,0,0,b
669,0,0,0,0,0,0,0,0,0,0,0,0,0,0,0,0,0,0,0,
670,0,0,0,0,0,0,0,0,0,0,0,0,0,0,0,p,q,0,0,pq
671,0,0,0,0,0,0,0,0,0,0,0,0,0,0,0,0,0,0,0,
672,0,0,0,0,0,0,0,0,0,0,0,0,0,0,0,0,0,0,0,
673,0,0,0,0,0,0,0,0,0,0,k,0,0,0,0,0,q,0,0,kq
674,0,0,0,0,0,0,0,0,0,0,0,0,0,0,0,0,0,0,0,
675,0,0,0,0,0,0,0,0,0,0,0,0,0,0,0,0,0,0,0,
676,0,0,0,0,0,0,0,0,i,0,0,0,0,0,0,0,0,0,0,i
677,0,0,0,0,0,0,0,h,0,0,0,0,0,0,0,0,0,0,0,h
678,0,0,0,0,0,0,0,0,i,0,0,0,0,0,0,0,q,0,0,iq
679,0,b,c,0,0,0,0,0,0,0,0,0,0,0,0,0,0,0,0,bc
680,0,b,c,0,0,0,0,0,0,0,0,0,0,0,0,0,0,0,0,bc
681,0,0,0,0,0,0,0,0,0,0,0,0,0,0,0,0,0,0,0,
682,0,0,0,0,0,0,0,0,0,0,0,0,0,n,0,0,q,0,0,nq
683,0,0,0,0,0,f,0,0,0,0,0,0,0,0,0,0,0,0,0,f
684,0,b,0,0,0,0,0,0,0,0,0,0,0,0,0,0,q,0,0,bq
685,0,b,0,0,0,0,0,0,0,0,0,0,0,0,0,0,q,0,0,bq
686,0,b,0,0,0,0,0,0,i,0,0,0,0,0,0,0,0,0,0,bi
687,0,0,0,0,0,f,0,0,0,0,0,0,0,0,0,0,0,r,0,fr
688,0,0,0,0,0,f,0,0,0,0,0,0,0,0,0,0,0,0,0,f
689,0,b,0,0,0,0,0,0,0,0,0,0,0,0,0,0,q,0,0,bq
690,0,0,0,0,0,0,0,0,i,0,0,0,0,0,0,0,0,r,0,ir
691,0,0,0,0,0,0,0,0,0,0,k,0,0,0,0,p,q,0,0,kpq
692,0,0,0,0,0,f,0,0,i,0,0,0,0,0,o,0,0,0,0,fio
693,0,0,0,0,0,0,0,0,i,0,0,0,0,0,0,0,0,0,0,i
694,0,0,0,0,0,0,0,0,0,0,0,0,0,0,o,0,0,0,0,o
695,0,0,0,0,0,f,0,0,i,0,0,0,0,0,0,0,0,0,0,fi
696,0,0,0,0,0,0,0,0,i,0,0,l,0,0,0,0,q,0,0,ilq
697,0,0,0,0,0,0,0,0,i,0,0,0,0,0,0,0,0,0,0,i
698,0,0,0,0,0,0,0,0,i,0,0,0,0,0,0,0,0,0,0,i
699,0,0,0,0,0,0,0,0,i,0,0,0,0,0,0,0,0,0,0,i
700,0,0,0,0,0,f,0,0,0,0,0,0,0,0,0,0,0,0,0,f
701,0,0,0,0,0,0,0,h,0,0,0,0,0,0,0,0,0,0,0,h
702,0,0,0,0,0,f,0,0,0,0,0,0,0,0,o,0,0,0,0,fo
703,0,0,0,0,0,0,0,0,i,0,0,l,0,0,0,0,0,0,0,il
704,0,0,0,0,0,0,0,0,i,0,0,0,0,0,o,0,0,0,0,io
705,0,0,0,0,0,0,0,0,0,0,0,0,m,0,o,0,0,0,0,mo
706,0,0,0,0,0,0,0,0,0,0,0,l,0,0,0,0,0,0,0,l
707,0,0,0,0,0,0,0,0,i,0,0,0,0,0,0,0,0,0,0,i
708,0,0,0,0,0,0,0,0,i,0,0,0,0,0,0,0,0,0,0,i
709,0,0,0,0,0,f,0,0,0,0,0,0,0,0,o,0,0,0,0,fo
710,0,0,0,0,0,f,0,0,0,0,0,0,0,0,0,0,0,0,0,f
711,0,0,0,0,0,0,0,0,i,0,0,0,0,0,0,0,0,0,0,i
712,0,0,0,0,0,f,0,0,i,0,0,0,0,0,0,0,0,0,0,fi
713,0,0,0,0,0,0,0,0,i,0,0,l,0,0,0,0,0,0,0,il
714,0,0,0,0,0,0,0,0,i,0,0,0,0,0,o,0,0,0,0,io
715,0,0,0,0,0,f,0,0,i,0,0,0,0,0,0,0,0,0,0,fi
716,0,0,0,0,0,0,0,0,i,0,0,0,0,0,o,0,0,0,0,io
717,0,0,0,0,0,0,0,0,i,0,0,l,0,0,0,0,q,0,0,ilq
718,0,0,0,0,0,f,0,0,0,0,0,0,0,0,0,0,0,0,0,f
719,0,0,0,0,0,f,0,0,0,0,0,0,0,0,0,0,0,r,0,fr
720,0,b,c,0,0,0,0,0,i,0,0,0,0,0,o,0,0,0,0,bcio
721,0,0,0,0,0,f,0,0,0,0,0,0,0,0,0,0,0,0,0,f
722,0,0,0,0,0,f,0,0,0,0,0,0,0,0,0,0,0,0,0,f
723,0,0,0,0,0,f,0,0,i,0,0,0,0,0,0,0,0,0,0,fi
724,0,0,0,0,0,0,0,0,i,0,0,0,0,0,o,0,0,0,0,io
725,0,0,0,0,0,f,0,0,0,0,0,0,0,0,0,0,0,0,0,f
726,0,0,0,0,e,0,0,0,i,0,0,0,0,0,0,0,0,0,0,ei
727,0,0,0,0,0,0,0,0,i,0,0,0,0,0,o,0,0,0,0,io
728,0,0,0,0,0,f,0,0,0,0,0,0,0,0,0,p,0,0,0,fp
729,0,0,0,0,0,0,0,0,i,0,0,l,0,0,0,0,0,0,0,il
730,0,0,0,0,0,0,0,0,i,0,0,0,0,0,o,0,0,0,0,io
731,0,0,0,0,0,f,0,0,i,0,0,0,0,0,o,0,0,0,0,fio
732,0,0,0,0,0,f,0,0,0,0,0,0,0,0,o,0,0,0,0,fo
733,0,0,0,0,0,0,0,0,i,0,0,0,0,0,o,0,0,0,0,io
734,0,0,0,0,0,f,0,0,0,0,0,0,0,0,0,0,0,0,0,f
735,0,0,0,0,0,0,0,0,i,0,0,0,0,0,0,0,0,0,0,i
736,0,0,0,0,0,0,0,0,i,0,0,0,0,0,o,0,0,0,0,io
737,0,0,0,0,0,f,0,0,i,0,0,0,0,0,0,0,0,0,0,fi
738,0,0,0,0,0,f,0,0,0,0,0,0,0,0,o,0,0,0,0,fo
739,0,0,0,0,0,f,0,0,0,0,0,0,0,0,o,0,0,0,0,fo
740,0,0,0,0,0,0,0,0,i,0,0,0,0,0,o,0,0,0,0,io
741,0,0,0,0,0,0,0,0,i,0,0,0,0,0,0,0,q,0,0,iq
742,0,0,0,0,0,0,0,0,i,0,0,0,0,0,0,0,q,0,0,iq
743,0,b,0,0,0,0,0,0,0,0,0,0,0,0,0,0,q,0,0,bq
744,0,0,0,0,0,0,0,0,i,0,0,0,0,0,0,0,0,r,0,ir
745,0,0,0,0,0,f,0,0,0,0,0,l,0,0,0,0,0,0,0,fl
746,0,0,0,0,0,f,0,0,0,0,0,0,0,0,0,0,0,0,0,f
747,0,0,0,0,0,f,0,0,0,0,0,0,0,0,o,0,0,0,0,fo
748,0,b,0,0,0,0,0,0,0,0,0,0,0,0,o,0,q,0,0,boq
749,0,0,0,0,0,f,0,0,0,0,0,0,0,0,o,0,0,0,0,fo
750,0,0,0,0,0,0,0,0,i,0,0,0,0,0,0,0,0,0,0,i
751,0,b,0,0,0,0,0,0,0,0,0,0,0,0,o,0,q,0,0,boq
752,0,b,0,0,0,0,0,0,0,0,0,0,0,0,0,0,q,0,0,bq
753,0,0,0,0,0,0,0,0,i,0,0,0,0,0,0,0,0,0,0,i
754,0,0,0,0,0,0,g,0,0,0,0,0,0,0,0,0,q,0,0,gq
755,0,b,c,0,e,0,0,0,0,j,0,0,0,0,0,p,0,0,0,bcejp
756,0,0,0,0,0,f,0,0,0,0,0,0,0,0,0,0,0,0,0,f
757,0,0,0,0,0,0,0,h,0,0,0,0,0,0,0,0,0,0,0,h
758,0,0,0,0,0,0,0,0,0,0,0,0,0,0,0,p,q,0,0,pq
759,0,b,0,0,0,0,0,0,0,0,0,0,0,0,0,0,0,0,0,b
760,0,0,0,0,0,0,0,0,0,0,0,0,0,0,0,p,0,0,0,p
761,0,b,0,0,0,0,0,0,0,0,0,0,0,0,0,0,q,0,0,bq
762,0,0,0,0,0,0,0,0,i,0,0,0,0,0,0,0,0,0,0,i
763,0,0,0,0,0,f,0,0,0,0,0,l,0,0,0,0,0,0,0,fl
764,0,0,0,0,0,f,0,0,0,0,0,0,0,0,o,0,0,0,0,fo
765,0,0,0,0,0,f,0,0,0,0,0,0,0,0,o,0,0,0,0,fo
766,0,0,0,0,0,0,0,h,0,0,0,0,0,0,0,0,0,0,0,h
767,0,0,0,0,0,0,0,0,0,0,0,0,0,0,0,0,0,0,0,
768,0,0,c,0,e,0,0,0,0,0,0,l,0,0,0,0,0,0,0,cel
769,0,b,c,0,0,0,0,0,0,0,0,0,0,n,0,p,0,0,0,bcnp
770,0,0,0,0,0,0,g,0,0,0,k,0,0,n,0,0,q,0,0,gknq
771,0,b,0,0,0,0,0,0,0,0,0,0,0,0,0,p,q,0,0,bpq
772,0,0,0,0,0,0,0,0,i,0,0,0,0,0,0,0,0,0,0,i
773,0,0,0,0,0,0,0,0,0,0,0,0,0,0,0,0,q,0,0,q
774,0,0,0,0,0,0,0,0,0,0,0,0,0,0,0,0,0,0,0,
775,0,0,0,0,0,f,0,0,i,0,0,0,0,0,o,0,0,0,0,fio
776,0,0,0,0,0,0,0,0,i,0,0,0,0,0,0,0,0,0,0,i
777,0,0,0,0,0,0,0,0,0,0,0,0,0,0,0,0,0,0,0,
778,0,0,0,0,0,f,0,0,i,0,0,0,0,0,o,0,0,0,0,fio
779,0,b,0,0,0,0,0,0,0,0,0,0,0,0,0,0,0,0,0,b
780,0,0,0,0,0,f,0,0,0,0,0,0,0,0,0,0,0,0,0,f
781,0,0,0,0,0,f,0,0,0,0,0,0,0,0,o,0,0,0,0,fo
782,0,0,0,0,0,0,0,0,i,0,0,l,0,0,0,0,0,0,0,il
783,0,0,0,0,0,f,0,0,0,0,0,l,0,0,o,0,0,0,0,flo
784,0,0,0,0,0,0,0,0,i,0,0,0,0,0,0,0,0,0,0,i
785,0,0,0,0,0,f,0,0,0,0,0,0,0,0,o,0,0,0,0,fo
786,0,0,0,0,0,f,0,0,0,0,0,0,0,0,o,0,0,0,0,fo
787,0,0,0,0,0,f,0,0,i,0,0,l,0,0,0,0,0,0,0,fil
788,0,0,0,0,0,0,0,0,0,0,0,l,0,0,0,0,q,0,0,lq
789,0,0,0,0,0,f,0,0,i,0,0,l,0,0,0,0,0,0,0,fil
790,0,0,0,0,0,f,0,0,0,0,0,l,0,0,0,0,0,0,0,fl
791,0,0,0,0,e,0,0,0,0,0,0,0,0,0,0,0,0,0,0,e
792,0,0,0,0,0,f,0,0,0,0,0,0,0,0,0,0,0,0,0,f
793,0,0,0,0,0,f,0,0,0,0,0,0,0,0,0,0,0,0,0,f
794,0,0,0,0,0,0,0,0,i,0,0,0,0,0,o,0,0,0,0,io
795,0,0,0,0,e,f,0,0,0,0,0,0,0,0,0,0,0,0,0,ef
796,0,0,0,0,0,f,0,0,0,0,0,0,0,0,o,0,0,0,0,fo
797,0,b,0,0,0,0,0,0,0,0,0,0,0,0,0,p,0,0,0,bp
798,0,b,0,0,0,0,0,0,0,0,0,0,0,0,0,0,0,0,0,b
799,0,0,0,0,0,0,0,0,i,0,0,0,0,0,0,0,0,0,0,i
800,0,0,0,0,0,0,0,0,0,0,0,0,0,0,0,0,q,0,0,q
801,0,0,0,0,0,f,0,0,0,0,0,0,0,0,0,0,0,0,0,f
802,0,b,c,0,0,0,g,0,0,0,0,0,0,0,0,0,q,0,0,bcgq
803,0,b,0,0,0,0,0,0,i,0,0,0,0,0,0,0,0,r,0,bir
804,0,0,0,0,0,f,0,0,0,0,0,0,0,0,0,0,0,0,0,f
805,0,0,0,0,0,f,0,0,0,0,0,0,0,n,0,0,0,0,0,fn
806,0,b,0,0,0,0,g,0,i,0,0,0,0,0,0,0,0,0,0,bgi
807,0,0,0,0,0,0,0,0,i,0,0,0,0,0,0,0,0,0,0,i
808,0,b,0,0,0,0,0,0,i,0,0,0,0,0,0,0,0,0,0,bi
809,0,b,0,0,0,0,0,0,i,0,0,0,0,n,0,0,0,0,0,bin
810,0,b,0,0,0,0,0,0,0,0,0,0,0,0,0,0,0,0,0,b
811,0,0,0,0,0,0,0,h,0,0,0,0,0,0,0,0,0,0,0,h
812,0,0,c,0,e,0,0,0,0,0,0,0,0,0,0,0,0,0,0,ce
813,0,0,0,0,0,0,0,h,0,0,0,0,0,0,0,0,0,0,0,h
814,0,0,0,0,0,0,0,h,0,0,0,l,0,0,0,0,0,0,0,hl
815,0,0,0,0,0,0,0,0,i,0,0,0,0,0,o,0,0,0,0,io
816,0,0,0,0,0,0,0,0,0,0,0,0,0,0,0,0,0,0,0,
817,0,0,0,0,0,0,0,0,i,0,0,0,0,0,0,0,0,0,0,i
818,0,0,0,0,0,f,0,0,0,0,0,0,0,0,0,0,0,0,0,f
819,0,0,0,0,0,f,0,0,0,0,0,0,0,0,0,0,0,0,0,f
820,0,0,c,d,e,f,0,0,0,j,0,0,0,0,0,0,0,0,0,cdefj
821,0,0,0,0,0,f,0,0,0,0,0,0,0,0,o,0,0,0,0,fo
822,0,0,0,0,0,0,0,0,i,0,0,0,0,0,0,0,0,0,0,i
823,0,0,0,0,0,0,g,0,0,0,k,0,0,0,0,0,q,0,0,gkq
824,0,0,0,0,0,f,0,0,0,0,0,l,0,0,0,0,0,0,0,fl
825,0,b,0,0,0,0,0,0,0,0,0,0,0,0,0,p,q,0,0,bpq
826,0,0,c,0,0,0,0,0,0,0,0,0,0,0,0,0,0,0,0,c
827,0,b,c,0,0,0,0,0,0,0,0,0,0,0,0,0,q,0,0,bcq
828,0,0,c,0,e,0,0,0,0,0,0,0,0,0,0,0,0,0,0,ce
829,0,b,c,0,0,0,0,0,0,0,0,0,0,0,0,0,0,0,0,bc
830,0,b,0,0,0,0,0,0,0,0,0,0,0,n,0,0,q,0,0,bnq
831,0,b,c,0,0,0,0,0,0,0,0,0,0,0,0,p,q,0,0,bcpq
832,0,0,0,0,e,0,0,0,i,j,0,0,0,0,0,0,0,0,0,eij
833,0,b,0,0,0,0,0,0,0,0,0,0,0,0,0,0,0,0,0,b
834,0,0,0,0,0,0,0,0,0,0,0,0,0,0,0,0,q,0,0,q
835,0,0,0,0,0,f,0,0,0,0,0,0,m,0,o,0,0,0,0,fmo
836,0,0,0,0,0,f,0,0,0,0,0,0,0,0,o,0,0,0,0,fo
837,0,0,0,0,0,0,0,0,i,0,0,0,0,0,0,0,0,0,0,i
838,0,b,0,0,0,0,0,0,0,0,0,0,0,0,0,0,0,0,0,b
839,0,0,0,0,0,0,0,0,0,0,0,0,0,0,0,0,q,0,0,q
840,0,b,0,0,0,0,0,0,i,0,0,0,0,0,0,0,0,0,s,bi
841,0,b,0,0,0,0,0,0,0,0,0,0,0,0,0,0,q,0,0,bq
842,0,0,0,0,e,f,0,0,i,0,0,0,0,0,0,0,0,0,0,efi
843,0,0,0,0,e,f,0,0,0,0,0,0,0,0,0,0,0,0,0,ef
844,0,0,0,0,0,0,g,0,0,0,0,0,0,0,0,0,0,0,0,g
845,0,0,0,0,0,f,0,0,0,0,0,0,0,0,0,0,0,0,0,f
846,0,0,0,0,0,0,0,0,i,0,0,0,0,0,o,0,0,0,0,io
847,0,0,0,0,0,0,0,h,i,0,0,0,0,0,0,0,0,0,0,hi
848,0,0,0,0,0,0,0,0,0,0,k,0,0,0,0,0,q,0,0,kq
849,0,b,0,0,0,0,0,0,0,0,0,0,0,0,o,0,0,0,0,bo
850,0,0,0,0,0,0,0,h,0,0,0,0,0,0,0,0,0,0,0,h
851,0,0,0,0,0,0,0,0,i,0,0,0,0,0,0,0,0,0,0,i
852,0,0,0,0,0,0,0,0,i,0,0,0,0,0,0,0,q,0,0,iq
853,0,0,0,0,0,f,0,0,0,0,0,0,0,0,0,0,0,0,0,f
854,0,0,0,0,0,f,0,0,0,0,0,0,0,0,0,0,0,0,0,f
855,0,b,0,0,0,0,0,0,i,0,0,0,0,n,o,0,q,0,0,binoq
856,0,0,0,0,0,f,0,0,i,0,0,0,0,0,0,0,0,0,0,fi
857,0,0,0,0,0,0,0,h,0,0,0,l,0,0,0,0,0,0,0,hl
858,0,0,0,0,0,0,0,0,0,0,0,0,0,0,0,0,0,0,0,
859,0,0,0,0,0,f,0,0,0,0,0,0,0,0,0,0,0,0,0,f
860,0,0,0,0,0,0,0,0,0,0,0,0,0,0,0,0,q,0,0,q
861,0,0,0,0,0,0,0,0,0,0,0,0,0,0,0,0,0,0,0,
862,0,0,c,0,e,f,0,0,0,0,0,0,0,0,0,0,0,0,0,cef
863,0,0,0,0,0,0,0,0,i,0,0,0,0,0,0,0,0,0,0,i
864,0,0,0,0,0,f,0,0,0,0,0,0,0,0,0,0,0,0,0,f
865,0,0,0,0,0,0,0,0,i,0,0,0,0,0,0,0,0,0,0,i
866,0,0,0,0,0,f,0,0,0,0,0,0,0,0,o,0,0,0,0,fo
867,0,0,0,0,0,0,0,0,i,0,0,0,0,0,0,0,0,0,0,i
868,0,0,0,0,0,0,0,0,i,0,0,0,0,0,0,0,0,0,0,i
869,0,0,0,0,0,f,0,0,0,0,0,0,0,0,o,0,0,0,0,fo
870,0,0,0,0,0,0,0,0,0,0,0,0,0,0,o,0,0,0,0,o
871,0,0,0,0,0,f,0,0,0,0,0,0,0,0,0,0,0,0,0,f
872,0,0,0,0,0,0,0,0,0,0,0,0,0,0,o,0,0,0,0,o
873,0,0,0,0,0,f,0,0,0,0,0,0,0,0,o,0,0,0,0,fo
874,0,0,0,0,0,0,0,0,i,0,0,0,0,0,0,0,0,0,0,i
875,0,0,0,0,0,0,0,0,i,0,0,0,0,0,o,0,0,0,0,io
876,0,b,0,0,0,f,0,0,0,0,0,0,0,0,0,0,0,0,0,bf
877,0,0,c,0,0,0,0,0,0,0,0,0,0,0,o,0,0,0,0,co
878,0,0,0,0,e,f,0,0,0,0,0,0,0,n,0,0,0,0,0,efn
879,0,b,0,0,0,0,0,0,0,0,0,0,0,0,0,0,q,r,0,bqr
880,0,0,0,0,0,0,0,0,i,0,0,0,0,0,0,0,0,0,0,i
881,0,b,0,0,0,f,0,0,0,0,0,0,0,0,0,0,0,0,0,bf
882,0,0,0,0,0,0,0,0,i,0,0,0,0,0,0,0,0,0,0,i
883,0,0,0,0,0,0,0,0,i,0,0,0,0,0,0,0,0,0,0,i
884,0,0,0,0,0,0,0,h,0,0,0,0,0,0,0,0,0,0,0,h
885,0,0,0,0,0,0,0,0,0,0,0,0,0,0,0,0,0,0,0,
886,0,0,0,0,0,0,0,0,0,0,0,0,0,0,o,0,q,0,0,oq
887,0,0,0,0,0,0,0,0,i,0,0,0,0,0,0,0,0,0,0,i
888,0,0,0,0,0,0,0,0,i,0,0,0,0,0,0,0,0,0,0,i
889,0,0,0,0,0,0,0,0,0,0,0,0,0,0,o,0,0,0,0,o
890,0,b,c,0,0,0,0,0,0,0,0,0,0,0,0,0,0,0,0,bc
891,0,0,0,0,0,0,0,0,i,0,0,0,0,0,0,0,0,r,0,ir
892,0,0,0,0,e,f,0,0,0,j,0,0,0,0,0,0,0,0,0,efj
893,0,0,0,0,0,f,0,0,0,0,0,0,0,0,0,0,0,0,0,f
894,0,0,0,0,e,f,0,0,0,0,0,0,0,0,0,0,0,0,0,ef
895,0,0,0,0,0,0,0,0,0,0,0,0,0,0,0,0,q,0,0,q
896,0,0,0,0,0,0,0,0,i,0,0,0,0,0,0,0,0,0,0,i
897,0,b,c,0,0,0,0,0,0,0,0,0,0,0,0,p,0,0,0,bcp
898,0,0,0,0,0,0,0,0,i,0,0,0,0,0,0,0,0,0,0,i
899,0,0,0,0,0,0,0,0,i,0,0,0,0,0,0,0,0,0,0,i
900,0,0,0,0,0,0,0,0,i,0,0,0,0,0,0,0,0,0,0,i
901,0,0,0,0,0,f,0,0,0,0,0,0,0,0,0,0,0,0,0,f
902,0,0,0,0,0,f,g,0,0,0,0,0,0,n,0,0,q,0,0,fgnq
903,0,0,0,0,0,0,0,0,i,0,0,0,0,0,o,0,0,0,0,io
904,0,0,0,0,0,f,0,0,i,0,0,0,0,0,0,0,0,0,0,fi
905,0,0,0,0,0,0,0,0,i,0,0,0,0,0,o,0,0,0,0,io
906,0,0,0,0,0,0,0,0,i,0,0,0,0,0,o,0,0,0,0,io
907,0,0,0,0,0,f,0,0,0,0,0,0,0,0,0,0,0,0,0,f
908,0,0,0,0,0,f,0,0,0,0,0,0,0,0,0,0,0,0,0,f
909,0,0,0,0,0,0,0,0,i,0,0,0,0,0,0,0,0,0,0,i
910,0,0,0,0,0,0,0,0,i,0,0,0,0,0,0,0,0,0,0,i
911,0,0,0,0,0,0,g,0,i,0,0,0,0,0,0,0,0,0,0,gi
912,0,b,0,0,0,0,0,0,0,0,0,0,0,0,0,0,q,0,0,bq
913,0,0,0,0,0,f,0,0,0,0,0,0,0,0,0,0,0,0,0,f
914,0,0,0,0,0,0,g,0,i,0,0,0,0,n,0,0,q,0,0,ginq
915,0,0,0,0,0,0,0,0,i,0,0,0,0,0,0,0,0,0,0,i
916,0,b,0,0,0,0,0,0,0,0,0,0,0,0,0,p,q,0,0,bpq
917,0,b,0,0,0,0,0,0,i,0,0,0,0,0,0,0,q,0,0,biq
918,0,0,0,0,0,0,0,0,0,0,0,0,0,0,o,0,0,0,0,o
919,0,0,c,0,0,0,0,0,0,0,0,0,0,0,0,p,0,0,0,cp
920,0,0,0,0,0,0,0,0,i,0,0,0,0,0,0,0,0,0,0,i
921,0,0,0,0,0,0,0,0,i,0,0,0,0,0,o,0,0,0,0,io
922,0,0,0,0,0,0,0,0,0,0,0,0,0,0,0,0,0,0,s,
923,0,0,0,0,0,0,0,0,i,0,0,0,0,0,0,0,0,0,0,i
924,0,0,c,0,0,0,0,0,i,0,0,0,0,0,0,0,0,0,0,ci
925,0,0,0,0,0,0,0,0,0,0,0,0,0,0,0,p,q,0,0,pq
926,0,0,0,0,0,f,0,0,0,0,0,0,0,0,0,0,0,0,0,f
927,0,0,0,0,0,0,0,0,i,0,0,0,0,0,0,0,0,0,0,i
928,0,0,0,0,0,0,0,0,i,0,0,0,0,0,0,0,0,0,0,i
929,0,0,0,0,e,f,0,0,0,0,0,0,0,0,0,0,0,0,0,ef
930,0,b,c,0,0,0,0,0,0,0,0,0,0,0,0,0,q,0,0,bcq
931,0,0,0,0,0,0,0,0,0,0,0,0,0,0,0,p,q,0,0,pq
932,0,0,0,0,e,f,0,0,0,0,0,0,0,0,0,0,0,0,0,ef
933,0,0,0,0,0,0,0,0,i,0,0,0,0,0,0,0,0,0,0,i
934,0,0,0,0,0,0,0,0,i,0,0,0,0,0,0,0,0,0,0,i
935,0,0,0,0,0,0,0,0,i,0,0,0,0,0,0,0,0,r,0,ir
936,0,0,0,0,0,f,0,0,i,0,0,0,0,0,o,0,0,0,0,fio
937,0,0,0,0,0,0,0,0,i,0,0,0,0,0,0,0,0,0,0,i
938,0,0,0,0,0,f,0,0,0,0,0,0,0,0,o,0,0,0,0,fo
939,0,0,0,0,0,0,0,0,i,0,0,0,0,0,0,0,q,0,0,iq
940,0,0,0,0,0,f,0,0,0,0,0,0,0,0,0,0,0,0,0,f
941,0,0,0,0,0,f,0,0,i,0,0,0,0,0,0,0,0,0,0,fi
942,0,0,0,0,0,0,0,0,i,0,0,0,0,0,0,0,0,0,0,i
943,0,0,0,0,0,0,0,0,0,0,0,0,0,0,0,0,q,0,0,q
944,0,0,0,0,0,f,0,0,i,0,0,0,0,0,0,0,0,r,0,fir
945,0,0,0,0,0,f,0,0,0,0,0,0,0,n,o,0,q,0,0,fnoq
946,0,0,0,d,e,0,0,0,0,0,0,0,0,0,0,0,0,0,0,de
947,0,0,c,0,0,0,0,0,0,0,0,0,0,0,o,0,0,0,0,co
948,0,0,0,0,0,f,0,0,0,0,0,0,0,0,o,0,0,0,0,fo
949,0,0,0,0,0,0,0,0,i,0,0,0,0,0,o,0,0,0,0,io
950,0,0,0,0,0,0,0,0,i,0,0,0,0,0,0,0,0,0,0,i
951,0,0,c,0,e,0,0,0,0,j,0,0,0,0,0,0,0,0,0,cej
952,0,0,0,0,0,f,0,0,0,0,0,0,0,0,0,0,0,0,0,f
953,0,0,0,0,0,f,0,0,i,0,0,0,0,0,0,0,0,0,0,fi
954,0,0,0,0,0,0,0,h,0,0,0,0,0,0,0,0,0,0,0,h
955,0,0,0,0,0,0,0,0,i,0,0,0,0,0,o,0,0,0,0,io
956,0,0,0,0,0,0,0,0,i,0,0,0,0,0,0,0,0,0,0,i
957,0,0,0,0,0,f,0,0,0,0,0,0,0,0,0,0,0,0,0,f
958,0,0,0,0,0,0,0,0,i,0,0,0,0,0,0,0,0,0,0,i
959,0,0,0,0,0,f,0,0,0,0,0,0,0,0,0,0,0,0,0,f
960,0,0,0,0,0,0,0,0,i,0,0,0,0,0,0,0,0,0,0,i
961,0,0,0,0,0,0,0,0,i,0,0,0,0,0,0,0,0,0,0,i
962,0,0,0,0,0,0,0,0,i,0,0,0,0,0,0,0,0,0,0,i
963,0,0,0,0,0,0,0,0,i,0,0,0,0,0,0,0,q,0,0,iq
964,0,0,0,0,0,f,0,0,i,0,0,0,0,0,0,0,0,0,0,fi
965,0,0,0,0,0,f,0,0,0,0,0,0,m,0,0,0,0,0,0,fm
966,0,0,0,0,0,0,0,0,0,0,0,0,0,0,o,0,0,0,0,o
967,0,0,0,0,0,0,0,0,i,0,0,0,0,0,0,0,0,0,0,i
968,0,0,0,0,0,0,0,0,0,0,0,0,m,0,0,0,0,0,0,m
969,0,0,0,d,e,0,0,0,0,0,0,0,0,0,0,0,0,0,0,de
970,0,0,0,0,0,f,0,0,0,0,0,0,0,0,0,0,0,0,0,f
971,0,0,0,0,0,f,0,0,0,0,0,0,0,0,0,0,0,r,0,fr
972,0,0,0,0,0,0,0,0,i,0,0,0,0,0,0,0,0,0,0,i
973,0,0,0,0,0,0,0,h,0,0,0,0,0,0,0,0,0,0,0,h
974,0,0,0,0,0,0,0,0,i,0,0,0,0,0,0,0,q,0,0,iq
975,0,0,0,0,0,0,0,0,0,0,0,0,0,0,0,0,q,0,0,q
976,0,b,0,0,0,0,0,0,0,0,0,0,0,0,0,p,q,0,0,bpq
977,0,b,0,0,0,0,0,0,0,0,0,0,0,0,0,0,0,0,0,b
978,0,0,0,0,0,0,0,0,0,0,0,0,0,n,0,0,q,0,0,nq
979,0,0,0,0,0,0,0,0,i,0,0,0,0,0,0,0,q,0,0,iq
980,0,0,0,0,0,0,0,0,i,0,0,0,0,0,0,0,0,0,0,i
981,0,0,0,0,0,0,0,0,i,0,0,l,0,0,0,0,0,0,0,il
982,0,b,c,0,0,0,0,0,0,0,0,0,0,0,0,0,q,0,0,bcq
983,0,0,0,0,0,0,0,0,0,0,0,0,0,0,0,0,q,0,0,q
984,0,0,0,0,0,0,0,0,0,0,0,0,0,0,0,0,q,0,0,q
985,0,0,0,0,0,0,0,0,i,0,0,l,0,0,0,0,0,0,0,il
986,0,0,0,0,0,0,0,0,0,0,0,0,0,0,0,0,q,0,0,q
987,0,0,0,0,0,0,0,0,0,0,0,0,0,0,0,0,q,0,0,q
988,0,0,0,0,0,f,0,0,0,0,0,0,0,0,o,0,0,0,0,fo
989,0,0,0,d,e,0,0,0,0,0,0,0,m,0,0,0,0,0,0,dem
990,0,0,0,0,0,0,0,0,i,0,0,0,0,0,o,0,0,0,0,io
991,0,0,0,0,0,0,g,0,0,0,0,0,0,0,0,0,0,0,0,g
992,0,0,0,0,0,f,0,0,0,0,0,0,0,0,0,0,q,0,0,fq
993,0,0,c,d,e,f,0,0,0,0,0,0,m,0,0,0,0,0,0,cdefm
994,0,0,0,0,0,0,0,0,i,0,0,0,0,0,0,0,0,0,0,i
995,0,0,0,0,0,f,0,0,0,0,0,0,0,0,0,0,0,0,0,f
996,0,0,0,0,e,f,0,0,0,0,0,0,0,0,0,0,0,0,0,ef
997,0,0,0,0,0,f,0,0,0,0,0,0,0,0,0,0,0,0,0,f
998,0,0,0,0,0,f,0,0,0,0,0,0,0,0,0,0,0,0,0,f
999,0,0,0,0,0,f,0,0,0,0,0,0,0,0,0,0,0,0,0,f
1000,0,0,0,0,0,f,0,0,0,0,0,0,0,0,0,0,0,0,s,f
1001,0,0,0,0,0,f,0,0,0,0,0,0,0,0,0,0,0,0,0,f
1002,0,0,0,0,0,f,0,0,0,0,0,0,0,0,0,0,0,0,0,f
1003,0,0,0,0,e,f,0,0,0,0,0,0,0,n,0,0,0,0,0,efn
1004,0,0,0,0,0,0,0,0,i,0,0,0,0,0,0,0,0,0,s,i
1005,0,0,0,0,0,0,0,0,i,0,0,0,0,0,0,0,0,0,0,i
1006,0,0,0,0,0,0,0,0,i,0,0,0,0,0,0,p,0,0,0,ip
1007,0,0,0,0,0,f,0,0,0,0,0,0,0,0,0,0,0,0,0,f
1008,0,0,0,0,0,0,0,0,i,0,0,0,0,0,0,0,0,0,0,i
1009,0,0,0,0,0,0,0,0,i,0,0,0,0,0,0,0,0,0,0,i
1010,0,0,0,0,0,0,0,0,i,0,0,0,0,0,0,0,0,0,0,i
1011,0,0,0,0,0,0,g,0,0,0,0,0,0,0,0,0,0,0,0,g
1012,0,0,0,0,0,f,0,0,i,0,0,0,0,0,0,0,0,0,0,fi
1013,0,b,c,0,0,0,0,0,0,0,0,0,0,0,0,0,q,0,0,bcq
1014,0,0,0,0,0,f,0,0,0,0,0,0,0,0,0,0,0,0,0,f
1015,0,0,0,0,e,0,0,0,i,0,0,0,0,0,0,0,0,0,0,ei
1016,0,b,c,0,0,0,0,0,0,0,0,0,0,0,0,0,q,0,0,bcq
1017,0,0,0,0,0,0,0,0,i,0,0,0,0,0,0,0,0,0,0,i
1018,0,0,0,0,0,0,0,0,i,0,0,0,0,0,0,0,0,0,0,i
1019,0,b,0,0,0,0,0,0,0,0,0,0,0,0,0,0,q,0,0,bq
1020,0,0,0,0,0,0,0,0,0,0,0,0,0,n,0,0,q,0,0,nq
1021,0,0,0,0,0,0,0,0,i,0,0,0,0,0,0,0,0,0,0,i
1022,0,0,0,0,0,0,0,h,0,0,0,0,0,0,0,0,0,0,0,h
1023,0,0,0,0,0,f,0,0,0,0,0,0,0,0,0,0,0,0,0,f
1024,0,0,0,0,0,0,0,0,0,0,0,0,0,0,o,0,0,0,0,o
1025,0,b,0,0,0,0,0,0,i,0,0,0,0,0,0,0,q,0,0,biq
1026,0,0,0,0,0,f,0,0,i,0,0,0,0,0,0,0,0,0,0,fi
1027,0,b,0,0,0,0,0,0,0,0,0,0,0,0,0,0,0,0,0,b
1028,0,0,0,0,0,f,0,0,0,0,0,0,0,0,o,0,0,0,0,fo
1029,0,0,0,0,0,f,0,0,0,0,0,0,0,0,0,0,0,0,0,f
1030,0,0,0,0,0,f,0,0,0,0,0,0,0,0,0,0,0,0,0,f
1031,0,0,c,0,e,0,0,0,0,0,0,0,0,0,0,0,0,0,0,ce
1032,0,0,0,0,e,f,0,0,0,0,0,0,0,0,0,0,0,0,0,ef
1033,0,0,c,0,e,0,0,0,0,0,0,0,0,0,0,0,0,0,0,ce
1034,0,b,c,0,0,0,0,0,0,0,0,0,0,0,0,0,0,0,0,bc
1035,0,0,0,0,0,f,0,0,0,0,0,0,0,0,0,0,0,0,0,f
1036,0,0,0,0,0,f,0,0,0,j,0,0,0,0,0,0,0,0,0,fj
1037,0,0,0,0,0,f,0,0,0,0,0,0,m,0,o,0,0,0,0,fmo
1038,0,0,0,0,0,0,0,0,0,0,0,0,0,0,0,0,q,0,0,q
1039,0,0,0,0,0,0,0,0,i,0,0,0,0,0,0,0,0,0,0,i
1040,0,0,0,0,0,f,0,0,0,0,0,0,0,0,o,0,0,0,0,fo
1041,0,0,0,0,0,f,0,0,0,0,0,0,0,0,o,0,0,0,0,fo
1042,0,0,0,0,0,0,0,0,0,0,0,0,0,n,0,0,q,0,0,nq
1043,0,0,0,0,0,f,0,0,0,0,0,0,0,0,0,0,0,0,0,f
1044,0,0,0,0,0,f,0,0,i,0,0,0,0,0,0,0,0,0,0,fi
1045,0,0,0,0,0,0,0,0,i,0,0,0,0,0,0,0,0,0,0,i
1046,0,0,0,0,0,0,0,0,0,0,0,0,0,0,0,0,q,0,0,q
1047,0,0,0,0,0,f,0,0,0,0,0,0,0,0,0,0,0,0,0,f
1048,0,0,0,0,0,f,0,0,0,0,0,0,0,0,o,0,0,0,0,fo
1049,0,0,0,0,0,f,0,0,0,0,0,0,0,0,0,0,0,0,0,f
1050,0,0,0,0,0,0,0,0,i,0,0,0,0,0,o,0,0,0,0,io
1051,0,0,0,0,0,f,0,0,0,0,0,0,0,0,0,0,0,0,0,f
1052,0,0,0,0,0,f,0,0,0,0,0,0,0,0,0,0,0,0,0,f
1053,0,0,0,0,0,0,0,0,i,0,0,0,0,0,0,0,0,0,0,i
1054,0,0,0,0,0,f,0,0,0,0,0,0,0,0,0,0,0,0,0,f
1055,0,0,0,0,0,0,0,0,i,0,0,0,0,0,0,0,0,0,0,i
1056,0,0,0,0,0,0,0,0,0,0,0,0,0,0,0,0,0,0,0,
1057,0,0,0,0,0,f,0,0,0,0,0,0,0,0,0,0,0,0,0,f
1058,0,0,c,0,0,0,0,0,i,0,0,0,0,0,0,0,0,0,0,ci
1059,0,0,0,0,0,f,0,0,0,0,0,0,0,0,0,0,0,0,0,f
1060,0,0,c,0,e,0,0,0,0,0,0,0,0,0,0,0,0,0,0,ce
1061,0,0,0,0,0,f,0,0,i,0,0,0,0,0,0,0,0,0,0,fi
1062,0,0,0,0,0,0,0,0,i,0,0,0,0,0,0,0,0,0,0,i
1063,0,0,0,0,e,0,0,0,i,0,0,0,0,0,0,0,0,0,0,ei
1064,0,0,0,0,0,0,g,0,0,0,k,0,0,0,0,0,0,0,0,gk
1065,0,0,0,0,0,0,0,h,0,0,0,0,0,0,0,0,0,r,0,hr
1066,0,0,0,d,e,0,0,0,0,0,0,0,0,0,0,0,0,0,0,de
1067,0,0,0,0,0,f,0,0,0,0,0,0,0,0,0,0,0,0,0,f
1068,0,0,0,0,0,0,0,0,i,0,0,0,0,0,0,0,0,0,0,i
1069,0,0,0,0,0,0,g,0,i,0,0,0,0,0,0,0,q,0,0,giq
1070,0,0,0,0,0,f,0,0,0,0,0,0,0,0,0,0,0,0,0,f
1071,0,0,0,0,0,f,0,0,0,0,0,0,0,0,0,0,0,0,0,f
1072,0,0,0,0,0,f,0,0,0,0,0,0,0,0,o,0,0,0,0,fo
1073,0,0,0,0,0,0,0,0,0,0,0,0,0,0,0,0,q,0,0,q
1074,0,0,0,0,0,f,0,0,i,0,0,0,0,0,0,0,0,0,0,fi
1075,0,0,0,0,0,0,0,0,i,0,0,0,0,0,0,0,0,0,0,i
1076,0,b,c,d,e,0,0,0,0,j,0,0,0,0,0,0,0,0,0,bcdej
1077,0,0,0,0,0,0,0,0,0,0,0,0,0,0,0,0,q,0,0,q
1078,0,0,0,d,e,0,0,0,0,0,0,0,0,0,0,0,0,0,0,de
1079,0,0,0,0,0,f,0,0,0,0,0,0,m,0,0,0,0,0,0,fm
1080,0,0,0,0,0,f,0,0,0,0,0,0,0,0,0,0,0,0,0,f
1081,0,0,0,0,0,0,g,0,0,0,0,0,0,0,0,0,0,0,0,g
1082,0,0,0,0,0,0,0,0,i,0,0,0,0,0,0,0,0,0,0,i
1083,0,0,0,0,0,0,g,0,0,0,0,0,0,0,0,0,q,0,0,gq
1084,0,0,0,0,0,0,0,h,0,0,0,0,0,0,0,0,0,0,0,h
1085,0,0,0,0,0,0,0,0,i,0,0,0,0,0,o,0,0,0,0,io
1086,0,0,0,0,0,0,0,0,i,0,0,l,0,0,0,0,0,0,0,il
1087,0,b,0,0,0,0,0,0,0,0,0,0,0,0,0,0,0,0,0,b
1088,0,b,0,0,0,0,0,0,0,0,0,0,0,0,0,0,0,0,0,b
1089,0,b,0,0,0,0,0,0,0,0,0,0,0,0,o,0,q,0,0,boq
1090,0,0,0,0,0,0,0,0,0,0,0,0,0,0,0,0,q,0,0,q
1091,0,0,c,d,e,0,0,0,0,0,0,0,m,0,0,0,0,0,0,cdem
1092,0,0,0,0,0,f,0,0,0,0,0,0,0,0,0,0,0,0,0,f
1093,0,0,0,0,0,f,0,0,0,0,0,0,0,0,0,0,0,0,0,f
1094,0,0,0,0,0,f,0,0,0,0,0,0,0,0,0,0,0,0,0,f
1095,0,0,0,0,0,f,0,0,0,0,0,0,0,0,0,0,0,0,0,f
1096,0,0,0,0,0,0,0,0,0,0,0,0,0,0,o,0,0,0,0,o
1097,0,0,0,0,0,0,0,0,i,0,0,0,0,0,0,0,0,0,0,i
1098,0,0,0,0,0,f,0,0,0,0,0,0,0,0,0,0,0,0,0,f
1099,0,0,0,0,0,0,0,0,i,0,0,0,0,0,0,0,0,0,0,i
1100,0,0,0,0,0,f,0,0,i,0,0,0,0,0,o,0,0,0,0,fio
1101,0,0,0,0,0,0,0,0,i,0,0,0,0,n,0,0,0,0,0,in
1102,0,0,0,0,0,f,0,0,0,0,0,0,0,0,o,0,0,0,0,fo
1103,0,0,0,0,0,f,0,0,i,0,0,0,0,0,0,0,0,0,0,fi
1104,0,0,0,0,0,f,g,0,i,0,0,0,0,0,0,0,0,0,0,fgi
1105,0,b,c,0,0,0,0,0,0,0,0,0,0,0,0,0,q,0,0,bcq
1106,0,0,0,0,0,0,g,0,i,0,0,0,0,0,0,0,0,0,0,gi
1107,0,0,0,0,0,0,0,0,i,0,0,0,0,0,0,0,0,0,0,i
1108,0,0,0,0,0,0,0,0,i,0,0,0,0,0,0,0,0,0,0,i
1109,0,0,0,0,0,0,0,0,i,0,0,0,0,0,0,0,q,0,0,iq
1110,0,b,0,0,0,f,0,0,0,0,0,0,m,0,0,p,0,0,0,bfmp
1111,0,0,0,0,0,0,0,0,i,0,0,0,0,0,0,0,0,0,0,i
1112,0,0,0,0,0,0,0,0,i,0,0,0,0,0,0,0,0,0,0,i
1113,0,0,0,0,0,0,0,0,i,0,0,0,0,0,0,0,0,0,0,i
1114,0,0,0,0,0,f,0,0,0,0,0,0,0,0,0,0,0,0,0,f
1115,0,0,0,0,0,f,0,0,i,0,0,0,0,0,o,0,0,0,0,fio
1116,0,0,c,0,0,0,0,0,0,0,0,0,0,0,0,0,0,0,0,c
1117,0,0,0,0,0,0,0,0,i,0,0,0,0,0,0,0,0,0,0,i
1118,0,0,0,0,0,f,0,0,0,0,0,0,0,0,0,0,0,0,0,f
1119,0,0,0,0,0,0,0,0,i,0,0,0,0,0,o,0,0,0,0,io
1120,0,0,0,0,0,f,0,0,0,0,0,0,0,0,0,0,0,0,0,f
1121,0,0,0,0,0,0,0,0,i,0,0,0,m,0,0,0,0,0,0,im
1122,0,0,0,0,0,0,g,0,i,0,0,0,0,0,0,0,0,0,0,gi
1123,0,0,0,0,0,0,0,0,i,0,0,0,0,0,0,0,0,0,0,i
1124,0,0,0,0,0,0,0,0,0,0,0,0,0,0,o,0,0,r,0,or
1125,0,0,0,0,0,0,0,0,0,0,0,0,0,0,0,0,q,0,0,q
1126,0,0,c,0,0,0,0,0,i,0,0,0,0,0,0,0,0,0,0,ci
1127,0,0,0,0,0,0,0,0,i,0,0,0,0,0,0,0,0,0,0,i
1128,0,0,0,0,0,0,0,h,0,0,0,l,0,0,0,0,0,0,0,hl
1129,0,0,0,0,0,0,0,0,i,0,0,0,0,n,o,0,0,0,0,ino
1130,0,0,0,0,0,0,0,h,0,0,0,0,0,0,0,0,0,0,0,h
1131,0,0,0,0,0,0,0,0,0,0,0,0,0,0,0,0,q,0,0,q
1132,0,0,0,0,0,0,0,0,i,0,0,0,0,0,o,0,0,0,0,io
1133,0,0,c,0,e,0,0,0,0,j,0,0,0,0,0,0,0,0,0,cej
1134,0,0,0,0,0,0,0,0,i,0,0,0,0,0,0,0,0,0,0,i
1135,0,0,0,0,0,0,0,0,i,0,0,0,m,0,0,0,0,0,0,im
1136,0,0,0,0,0,0,0,0,i,0,0,0,0,0,0,0,0,0,0,i
1137,0,0,0,0,0,0,0,0,i,0,0,0,0,0,o,0,0,0,0,io
1138,0,b,0,0,0,f,g,0,i,0,0,0,0,0,0,0,0,0,0,bfgi
1139,0,b,0,0,0,0,g,0,0,0,0,0,0,0,0,0,q,0,0,bgq
1140,0,0,0,0,0,f,0,0,0,0,0,0,0,0,0,0,0,0,0,f
1141,0,0,0,0,0,0,0,h,0,0,0,0,0,0,0,0,0,0,0,h
1142,0,0,0,0,0,0,0,h,0,0,0,0,0,0,0,0,0,0,0,h
1143,0,0,0,0,0,0,g,0,0,0,0,0,0,0,0,0,q,0,0,gq
1144,0,0,0,0,0,0,0,0,i,0,0,0,0,0,0,0,0,0,0,i
1145,0,0,0,0,0,0,0,0,i,0,0,0,0,0,0,0,0,0,0,i
1146,0,0,0,0,0,0,0,0,i,0,0,0,0,0,0,0,0,0,0,i
1147,0,0,0,0,0,0,0,0,i,0,0,0,0,0,0,0,0,0,0,i
1148,0,0,0,0,0,0,0,0,i,0,0,0,0,0,0,0,0,0,0,i
1149,0,0,0,0,0,0,0,0,i,0,0,0,0,0,0,0,0,0,0,i
1150,0,0,0,0,0,0,0,0,i,0,0,0,0,0,0,0,0,0,0,i
1151,0,0,0,0,0,0,g,0,0,0,0,0,0,0,0,0,0,0,0,g
1152,0,0,0,0,0,0,0,0,0,0,0,0,0,0,o,0,0,r,0,or
1153,0,0,0,0,0,0,0,0,i,0,0,0,m,0,0,0,0,0,0,im
1154,0,0,0,0,0,0,0,0,0,0,0,0,0,0,0,p,0,0,0,p
1155,0,0,0,0,0,f,0,0,0,0,0,0,0,0,o,0,0,0,0,fo
1156,0,0,0,0,0,0,g,0,i,0,0,0,0,0,0,0,0,0,0,gi
1157,0,0,0,0,0,0,0,0,0,0,0,0,0,0,0,0,0,0,0,
1158,0,0,0,0,0,0,0,0,i,0,0,0,0,0,0,0,0,0,0,i
1159,0,0,0,0,0,0,0,0,0,0,0,0,0,n,0,p,0,0,0,np
1160,0,0,0,0,0,0,0,0,i,0,0,0,0,0,o,0,0,0,0,io
1161,0,b,0,0,0,0,0,0,i,0,0,0,0,0,0,0,0,0,0,bi
1162,0,0,0,0,0,f,0,0,0,0,0,0,0,0,0,0,0,0,0,f
1163,0,0,0,0,0,0,0,0,i,0,0,0,0,0,0,0,0,0,0,i
1164,0,0,0,0,e,0,0,0,0,0,0,0,0,0,0,0,0,0,0,e
1165,0,0,0,0,0,f,0,0,i,0,0,0,0,0,0,0,0,0,0,fi
1166,0,0,0,0,0,f,0,0,0,0,0,0,0,0,0,0,0,0,0,f
1167,0,0,0,0,0,f,0,0,0,0,0,0,0,0,0,0,0,0,0,f
1168,0,0,0,0,0,0,0,0,i,0,0,0,0,0,0,0,0,0,0,i
1169,0,0,0,0,0,0,0,0,i,0,0,0,0,0,0,0,0,0,0,i
1170,0,0,0,0,0,f,0,0,i,0,0,0,0,0,0,0,0,0,0,fi
1171,0,0,0,0,0,0,0,0,i,0,0,0,0,0,0,0,0,0,0,i
1172,0,0,0,0,0,f,0,0,0,0,0,l,0,0,0,0,0,0,0,fl
1173,0,0,0,0,0,0,0,0,i,0,0,0,0,0,o,0,0,0,0,io
1174,0,0,0,0,0,0,0,0,i,0,0,0,0,0,0,0,q,0,0,iq
1175,0,0,0,0,0,0,0,0,0,0,0,0,0,0,o,0,0,0,0,o
1176,0,0,0,0,0,0,0,0,i,0,0,0,0,0,0,0,0,r,0,ir
1177,0,0,0,0,0,f,0,0,0,0,0,0,0,0,0,0,0,0,0,f
1178,0,0,0,0,0,f,0,0,0,0,0,0,0,0,0,0,0,0,0,f
1179,0,0,0,0,0,f,0,0,0,0,0,0,0,0,0,0,0,0,0,f
1180,0,b,0,0,0,f,0,0,0,0,0,0,0,0,0,0,0,0,0,bf
1181,0,b,0,0,0,f,0,0,0,0,0,0,0,0,0,0,0,0,0,bf
1182,0,0,0,0,0,f,0,0,0,0,0,0,0,0,0,0,0,0,0,f
1183,0,b,0,0,0,f,0,0,0,0,0,0,0,0,0,0,0,0,0,bf
1184,0,0,0,0,0,0,0,h,0,0,0,0,0,0,0,0,0,0,0,h
1185,0,0,0,0,0,f,0,0,0,0,0,0,0,0,0,0,0,r,0,fr
1186,0,0,0,0,0,f,0,0,i,0,0,0,0,0,0,0,0,0,0,fi
1187,0,0,0,0,0,0,g,0,0,0,0,0,0,0,0,0,0,0,0,g
1188,0,b,0,0,0,f,0,0,0,0,0,0,0,0,0,0,0,0,s,bf
1189,0,0,0,0,0,0,0,0,i,0,0,0,0,0,0,0,0,0,0,i
1190,0,0,0,0,0,f,0,0,0,0,0,0,0,0,o,0,0,0,0,fo
1191,0,0,0,0,0,0,g,0,i,0,0,0,0,0,0,0,0,0,0,gi
1192,0,0,0,0,0,0,0,0,i,0,0,0,0,0,0,0,0,0,0,i
1193,0,0,0,0,0,0,0,0,i,0,0,0,0,0,0,0,0,0,0,i
1194,0,0,0,0,0,0,g,0,i,0,0,0,0,0,0,0,0,0,0,gi
1195,0,0,0,0,0,0,0,0,i,0,0,0,0,0,0,0,0,0,0,i
1196,0,0,0,0,0,0,0,0,i,0,0,0,0,0,0,0,0,0,0,i
1197,0,0,0,0,0,f,0,0,i,0,0,0,0,0,0,0,0,0,0,fi
1198,0,0,0,0,0,0,g,0,0,0,0,0,0,0,0,0,q,0,0,gq
1199,0,0,0,0,0,f,0,0,0,0,0,0,0,0,0,0,0,0,0,f
1200,0,0,0,0,e,0,0,0,i,0,0,0,0,0,0,0,0,0,0,ei
1201,0,0,0,0,0,0,0,h,0,0,0,0,0,0,0,0,0,0,0,h
1202,0,0,0,0,0,f,0,0,0,0,0,0,0,0,0,0,0,0,0,f
1203,0,0,0,0,0,f,0,0,0,0,0,0,m,0,o,0,0,0,0,fmo
1204,0,0,0,0,0,f,0,0,i,0,0,0,0,0,0,0,0,r,0,fir
1205,0,0,0,0,0,0,0,0,i,0,0,0,0,0,0,0,0,0,0,i
1206,0,0,0,0,0,f,0,0,0,0,0,0,0,0,0,0,0,0,0,f
1207,0,0,0,0,0,0,0,0,0,0,0,0,0,0,0,0,q,0,0,q
1208,0,0,0,0,0,0,g,0,i,0,0,0,0,0,0,0,q,0,0,giq
1209,0,0,0,0,0,f,0,0,0,0,0,0,0,0,0,0,0,0,0,f
1210,0,0,0,0,0,0,0,0,0,0,0,0,0,0,0,p,q,0,0,pq
1211,0,0,0,0,0,0,0,0,i,0,0,0,0,0,o,0,0,0,0,io
1212,0,0,0,0,0,0,0,0,i,0,0,0,0,n,o,0,0,0,0,ino
1213,0,0,0,0,0,0,g,0,i,0,0,0,0,0,0,0,q,0,0,giq
1214,0,0,0,0,0,0,0,0,i,0,0,0,0,0,0,0,0,0,0,i
1215,0,b,0,0,0,0,0,0,0,0,0,0,0,0,0,p,0,0,0,bp
1216,0,0,0,0,0,0,0,0,0,0,0,0,0,0,o,0,0,0,0,o
1217,0,0,0,0,0,0,0,0,0,0,0,0,0,0,0,0,q,0,0,q
1218,0,0,0,0,0,f,0,0,0,0,0,0,0,0,0,0,0,0,0,f
1219,0,0,0,d,e,f,0,0,0,0,0,0,0,0,o,0,0,0,0,defo
1220,0,0,0,0,0,0,0,0,i,0,0,0,0,0,0,0,0,0,0,i
1221,0,0,0,0,0,0,0,0,i,0,0,0,0,0,0,0,0,0,0,i
1222,0,b,0,0,0,0,0,0,0,0,0,0,0,0,0,0,0,0,0,b
1223,0,0,0,0,0,0,0,0,i,0,0,0,0,0,0,0,0,0,0,i
1224,0,0,0,0,0,0,0,0,i,0,0,0,0,0,0,0,0,0,0,i
1225,0,0,0,0,0,f,0,0,0,0,0,0,0,0,0,0,0,0,0,f
1226,0,0,0,0,0,0,g,0,i,0,0,0,0,0,0,0,0,0,0,gi
1227,0,0,0,0,0,0,0,0,i,0,0,0,0,0,0,0,0,0,0,i
1228,0,b,0,0,0,0,0,0,0,0,0,0,0,0,0,0,0,0,0,b
1229,0,0,0,0,0,0,0,0,i,0,0,0,0,0,0,0,q,0,0,iq
1230,0,0,0,0,0,f,0,0,0,0,0,0,0,0,0,0,0,0,0,f
1231,0,b,0,0,0,0,0,0,i,0,0,0,0,0,0,0,0,0,0,bi
1232,0,0,0,0,0,0,0,h,0,0,0,0,0,0,0,0,0,0,0,h
1233,0,0,0,0,0,0,0,0,i,0,0,0,0,0,0,0,0,0,0,i
1234,0,0,0,0,0,f,0,0,0,0,0,0,0,0,0,0,0,0,0,f
1235,0,0,0,0,0,0,g,0,0,0,0,0,0,0,0,0,0,0,0,g
1236,0,0,0,0,0,0,0,0,i,0,0,0,0,0,0,0,0,0,0,i
1237,0,0,0,0,0,f,0,0,i,0,0,0,0,0,0,0,0,0,0,fi
1238,0,0,0,0,0,0,0,0,i,0,0,0,0,0,0,0,0,0,0,i
1239,0,b,c,0,0,0,0,0,0,0,0,0,0,0,o,0,0,0,0,bco
1240,0,0,0,d,0,0,0,0,0,0,0,0,0,0,0,p,0,0,0,dp
1241,0,0,0,0,0,f,0,0,i,0,0,0,0,0,0,0,0,0,0,fi
1242,0,0,0,0,0,f,0,0,0,0,0,0,0,0,0,0,0,0,0,f
1243,0,0,0,0,0,0,0,0,0,0,0,0,0,0,0,0,0,0,0,
1244,0,b,0,0,0,0,0,0,0,0,0,0,0,0,0,0,0,0,0,b
1245,0,0,0,0,0,0,g,0,0,0,0,0,0,0,0,0,0,0,0,g
1246,0,0,0,0,0,f,0,0,0,0,0,0,0,0,0,0,0,0,0,f
1247,0,0,0,0,0,0,0,0,0,0,0,0,0,0,0,0,0,0,s,
1248,0,0,0,0,0,0,0,0,0,0,0,0,0,0,0,0,q,0,0,q
1249,0,0,0,0,0,f,0,0,0,0,0,0,0,0,0,0,0,0,0,f
1250,0,b,0,0,0,0,0,0,0,0,0,0,0,0,0,0,0,0,0,b
1251,0,0,0,0,0,f,0,0,0,0,0,0,0,0,0,0,0,0,0,f
1252,0,0,0,0,0,0,0,0,i,0,0,0,0,0,0,0,0,0,0,i
1253,0,0,0,0,0,0,0,0,0,0,0,0,0,0,0,0,q,0,0,q
1254,0,0,0,0,0,f,0,0,0,0,0,0,0,0,0,0,0,0,0,f
1255,0,0,0,0,0,0,0,0,i,0,0,0,0,0,0,0,0,0,0,i
1256,0,0,0,0,0,0,0,0,i,0,0,0,0,0,0,0,0,0,0,i
1257,0,0,0,0,0,0,0,0,i,0,0,0,0,0,0,0,0,0,0,i
1258,0,0,0,0,0,f,0,0,0,0,0,0,0,0,o,0,0,0,0,fo
1259,0,0,0,0,0,f,0,0,0,0,0,0,0,0,o,0,0,0,0,fo
1260,0,0,0,0,0,0,0,0,i,0,0,0,0,0,0,0,0,0,0,i
1261,0,0,0,0,0,0,0,0,i,0,0,0,0,0,0,0,0,0,0,i
1262,0,0,0,0,0,0,0,0,0,0,0,0,0,0,o,0,0,0,0,o
1263,0,0,0,0,0,0,0,0,i,0,0,0,0,0,0,0,0,0,0,i
1264,0,0,0,0,0,0,0,0,i,0,0,0,0,0,0,0,0,0,0,i
1265,0,0,0,0,0,0,0,0,i,0,0,0,0,0,0,0,0,0,0,i
1266,0,0,0,0,0,0,0,0,i,0,0,0,0,0,0,0,0,0,0,i
1267,0,0,0,0,0,0,0,0,i,0,0,0,0,0,0,0,0,0,0,i
1268,0,0,0,0,0,0,0,0,i,0,0,0,0,0,0,0,0,0,0,i
1269,0,0,0,0,0,f,0,0,0,0,0,0,0,0,o,0,0,0,0,fo
1270,0,0,0,0,0,f,0,0,0,0,0,0,0,0,0,0,0,0,0,f
1271,0,0,0,0,0,f,0,0,0,0,0,0,0,0,0,0,0,0,0,f
1272,0,0,0,0,0,f,0,0,i,0,0,0,0,0,0,0,0,0,0,fi
1273,0,0,0,0,0,0,0,0,i,0,0,0,0,0,0,0,q,0,0,iq
1274,0,0,0,0,0,0,0,0,0,0,0,0,0,0,0,p,q,0,0,pq
1275,0,0,0,0,0,0,0,0,0,0,0,0,0,0,0,0,q,0,0,q
1276,0,0,0,0,0,0,0,0,i,0,0,0,0,0,0,0,0,0,0,i
1277,0,b,0,0,0,0,g,0,0,0,0,0,0,0,0,0,0,0,0,bg
1278,0,0,0,0,0,0,0,0,i,0,0,0,m,0,0,0,0,0,0,im
1279,0,0,c,0,e,0,0,0,0,0,0,0,0,0,0,0,0,0,0,ce
1280,0,0,0,0,0,0,g,0,0,0,0,0,0,0,0,0,0,0,0,g
1281,0,0,0,0,0,0,0,0,i,0,0,0,0,0,0,0,0,0,0,i
1282,0,0,0,0,0,0,0,0,i,0,0,0,0,0,0,0,0,0,0,i
1283,0,0,0,0,0,f,0,0,0,0,0,0,0,0,0,0,0,0,0,f
1284,0,0,0,0,0,0,0,0,i,0,0,0,0,n,0,0,0,0,0,in
1285,0,0,0,0,0,0,0,0,i,0,0,0,0,0,0,0,0,0,0,i
1286,0,0,0,0,0,f,0,0,0,0,0,0,m,0,o,0,0,0,0,fmo
1287,0,0,0,0,0,f,0,0,0,0,0,0,0,0,0,0,0,0,0,f
1288,0,0,0,0,0,f,0,0,0,0,0,0,0,0,0,0,0,0,0,f
1289,0,0,0,0,0,0,0,0,0,0,0,0,0,0,o,0,0,0,0,o
1290,0,0,0,0,0,0,0,0,i,0,0,0,0,0,o,0,0,0,0,io
1291,0,0,0,0,0,f,0,0,0,0,0,0,0,0,0,0,0,0,0,f
1292,0,0,0,0,e,0,0,0,0,j,0,0,0,0,0,0,0,0,0,ej
1293,0,0,c,0,e,0,0,0,0,j,0,0,0,0,0,p,0,0,0,cejp
1294,0,0,0,0,0,0,0,h,0,0,0,0,0,0,0,0,0,0,0,h
1295,0,0,0,0,0,f,0,0,i,0,0,0,0,0,0,0,0,0,0,fi
1296,0,0,0,0,0,f,0,0,i,0,0,0,0,0,0,0,0,0,0,fi
1297,0,0,0,0,0,0,0,0,i,0,0,0,0,0,o,0,0,0,0,io
1298,0,0,0,0,0,f,0,0,0,0,0,0,m,0,0,0,0,0,0,fm
1299,0,0,0,0,0,0,0,0,i,0,0,0,0,0,o,0,0,0,0,io
1300,0,0,0,0,0,0,0,0,i,0,0,l,0,0,o,0,0,0,0,ilo
1301,0,0,0,0,0,f,0,0,0,0,0,0,0,0,0,0,0,0,0,f
1302,0,0,0,0,0,f,0,0,0,0,0,0,0,0,0,0,0,0,0,f
1303,0,b,0,0,0,0,0,0,0,0,0,0,0,0,0,0,0,0,0,b
1304,0,b,0,0,0,0,g,0,0,0,0,0,0,0,0,0,0,0,0,bg
1305,0,0,0,0,0,f,0,0,0,0,0,0,0,0,0,0,0,0,0,f
1306,0,0,0,0,0,0,0,0,i,0,0,0,0,0,0,0,0,0,0,i
1307,0,0,0,0,0,0,0,h,0,0,0,0,0,0,0,0,0,0,0,h
1308,0,0,0,0,0,f,0,0,i,0,0,0,0,0,0,0,0,0,0,fi
1309,0,0,0,0,0,0,0,0,i,0,0,0,0,0,0,0,0,0,0,i
1310,0,0,0,0,0,0,0,0,i,0,0,0,0,0,0,0,0,0,0,i
1311,0,0,0,0,0,f,0,0,i,0,0,0,0,0,0,0,0,0,0,fi
1312,0,0,0,0,0,f,0,0,i,0,0,0,0,0,0,0,0,0,0,fi
1313,0,0,0,0,0,0,0,0,0,0,k,0,0,n,0,0,q,0,0,knq
1314,0,b,c,0,0,0,0,0,0,0,0,0,0,0,0,0,q,0,0,bcq
1315,0,0,0,0,0,0,0,0,i,0,0,0,0,0,o,0,0,0,0,io
1316,0,0,0,0,0,0,0,0,i,0,0,0,0,0,0,0,0,0,0,i
1317,0,0,0,0,0,0,0,0,i,0,0,0,0,0,0,0,0,0,0,i
1318,0,0,0,0,0,0,0,h,0,0,0,0,0,0,0,0,0,0,0,h
1319,0,0,0,0,0,0,0,0,i,0,0,0,0,0,0,0,0,0,0,i
1320,0,0,0,0,0,0,0,0,i,0,0,0,0,0,0,0,0,0,0,i
1321,0,0,0,0,0,f,0,0,0,0,0,0,0,0,0,0,0,0,0,f
1322,0,0,0,0,0,f,0,0,0,0,0,0,0,0,0,0,0,0,0,f
1323,0,0,0,0,0,0,0,0,i,0,0,0,0,0,0,0,0,0,0,i
1324,0,0,0,0,0,0,0,0,i,0,0,0,0,0,0,0,q,0,0,iq
1325,0,0,0,0,0,0,0,0,i,0,0,0,0,0,0,0,0,0,0,i
1326,0,0,0,0,0,0,0,0,i,0,0,0,0,0,0,0,0,0,0,i
1327,0,0,0,0,0,0,0,0,i,0,0,0,0,0,0,0,0,0,0,i
1328,0,0,0,0,0,0,0,0,i,0,0,0,0,0,0,0,0,0,0,i
1329,0,0,0,0,0,0,0,0,i,0,0,0,0,0,0,0,0,0,0,i
1330,0,0,0,0,0,0,0,0,i,0,0,0,0,0,0,0,0,0,0,i
1331,0,0,0,0,0,0,0,h,0,0,0,0,0,0,0,0,0,0,0,h
1332,0,0,0,0,0,0,0,0,i,0,0,0,0,0,0,0,0,0,0,i
1333,0,0,0,0,0,f,0,0,i,0,0,0,0,0,0,0,0,0,0,fi
1334,0,0,0,0,0,0,0,0,i,0,0,0,0,0,0,0,0,0,0,i
1335,0,0,0,0,0,0,0,0,i,0,0,0,0,0,0,0,0,0,0,i
1336,0,0,0,0,e,f,0,0,0,j,0,0,0,0,0,0,0,0,0,efj
1337,0,0,0,0,0,f,0,0,0,0,0,0,0,0,0,0,0,0,0,f
1338,0,0,0,0,0,0,0,0,i,0,0,0,0,0,0,0,0,0,0,i
1339,0,0,0,0,0,f,0,0,i,0,0,0,0,0,0,0,0,0,0,fi
1340,0,0,0,0,0,0,0,0,0,0,0,0,0,0,o,0,0,0,0,o
1341,0,0,0,0,0,0,0,0,i,0,0,0,0,0,0,0,0,0,0,i
1342,0,0,0,0,0,0,0,0,i,0,0,0,0,0,0,0,0,0,0,i
1343,0,0,0,0,0,0,0,0,i,0,0,0,0,0,0,0,0,0,0,i
1344,0,0,0,0,0,0,0,0,i,0,0,0,0,0,0,0,0,0,0,i
1345,0,0,0,0,0,0,0,0,i,0,0,0,0,0,0,0,0,0,0,i
1346,0,0,0,0,0,0,0,0,i,0,0,0,0,0,0,0,0,0,0,i
1347,0,0,0,0,0,0,0,0,i,0,0,0,0,0,0,0,0,0,0,i
1348,0,0,0,0,0,0,0,0,i,0,0,0,0,0,0,0,0,0,0,i
1349,0,0,0,0,0,f,0,0,0,0,0,0,0,0,0,0,0,0,0,f
1350,0,0,0,0,0,0,0,0,i,0,0,0,0,0,0,0,0,0,0,i
1351,0,0,0,0,0,f,0,0,0,0,0,0,0,0,0,0,0,0,0,f
1352,0,0,0,0,0,0,0,0,i,0,0,0,0,0,0,0,0,0,0,i
1353,0,0,0,0,0,0,0,0,0,0,0,0,0,0,o,0,0,0,0,o
1354,0,0,0,0,0,0,0,0,i,0,0,0,0,0,0,0,0,0,0,i
1355,0,0,0,0,0,0,0,0,i,0,0,0,0,0,0,0,0,0,0,i
1356,0,0,0,0,0,f,0,0,0,0,0,0,0,0,0,0,0,0,0,f
1357,0,0,0,0,0,0,0,0,0,0,0,0,0,0,o,0,0,r,0,or
1358,0,b,0,0,0,0,0,0,0,0,0,0,0,0,0,0,0,0,0,b
1359,0,0,0,0,0,0,0,0,i,0,0,0,0,0,0,0,0,0,0,i
1360,0,0,0,0,0,f,0,0,0,0,0,0,0,0,0,0,0,0,0,f
1361,0,0,0,0,0,f,0,0,0,0,0,0,0,0,0,0,0,0,0,f
1362,0,b,0,0,0,0,0,0,0,0,0,0,0,0,0,0,0,0,0,b
1363,0,0,0,0,0,0,0,h,0,0,0,0,0,0,0,0,0,0,0,h
1364,0,b,0,0,0,0,0,0,0,0,0,0,0,0,0,0,0,0,0,b
1365,0,b,0,0,0,0,0,0,i,0,0,0,0,0,0,0,0,0,0,bi
1366,0,0,0,0,0,0,0,h,i,0,0,0,0,0,0,0,0,0,0,hi
1367,0,0,0,d,0,0,0,0,0,0,0,0,0,0,0,0,0,0,0,d
1368,0,0,0,0,0,0,0,0,i,0,0,0,0,0,0,0,0,0,0,i
1369,0,0,0,0,0,0,0,0,i,0,0,0,0,0,0,0,0,0,0,i
1370,0,0,0,0,0,0,0,0,i,0,0,0,0,0,0,0,q,0,0,iq
1371,0,0,0,0,0,f,0,0,0,0,0,0,0,0,0,0,0,0,0,f
1372,0,b,0,0,0,0,0,0,0,0,0,0,0,0,0,0,0,0,0,b
1373,a,0,0,0,0,0,0,0,0,0,0,0,0,0,0,0,0,0,0,a
1374,0,0,0,0,0,f,0,0,0,0,0,0,0,0,0,0,0,0,0,f
1375,0,0,0,0,0,0,0,0,i,0,0,0,0,0,0,0,0,0,0,i
1376,0,0,0,0,0,f,0,0,0,0,0,0,0,0,0,0,0,0,0,f
1377,0,0,0,0,0,f,0,0,0,0,0,0,0,0,o,0,0,0,0,fo
1378,0,0,0,0,0,0,0,h,0,0,0,0,0,0,0,0,0,0,0,h
1379,0,0,0,0,0,0,0,0,0,0,0,0,0,0,o,0,0,0,0,o
1380,0,0,0,0,0,0,0,0,i,0,0,0,0,0,0,0,0,0,0,i
1381,0,0,0,0,0,0,0,0,i,0,0,0,0,0,0,0,0,0,0,i
1382,0,0,0,0,0,0,0,0,i,0,0,0,0,0,0,0,0,0,0,i
1383,0,0,c,0,e,0,0,0,0,0,0,0,0,0,0,0,0,0,0,ce
1384,0,0,0,0,0,0,0,0,i,0,0,0,0,0,0,0,0,0,0,i
1385,0,0,0,0,0,f,0,0,0,0,0,0,0,0,o,0,0,0,0,fo
1386,0,0,0,0,0,0,0,0,0,0,0,0,0,0,0,p,0,0,0,p
1387,0,0,0,0,0,0,0,0,0,0,0,0,0,0,o,0,0,0,0,o
1388,0,0,0,0,0,0,0,0,i,0,0,0,0,0,0,0,0,0,0,i
1389,0,0,0,0,0,0,0,0,i,0,0,0,0,0,0,0,0,0,0,i
1390,0,0,0,0,0,0,g,0,0,0,0,0,0,0,0,0,0,0,0,g
1391,0,0,0,0,0,0,0,0,i,0,0,0,0,0,0,0,0,0,0,i
1392,0,0,0,0,0,0,0,0,i,0,0,0,0,0,0,0,0,0,0,i
1393,0,b,0,0,0,0,0,0,0,0,0,0,0,0,0,0,q,0,0,bq
1394,0,0,0,0,0,0,0,0,0,0,0,0,0,0,o,0,0,0,0,o
1395,0,0,0,0,0,0,0,0,i,0,0,0,0,0,0,0,0,0,0,i
1396,0,0,0,0,0,0,0,0,i,0,0,0,0,0,0,0,0,0,0,i
1397,0,0,0,0,0,0,0,0,i,0,0,0,0,0,0,0,0,0,0,i
1398,0,0,0,0,0,0,0,0,i,0,0,0,0,0,0,0,0,0,0,i
1399,0,0,0,0,0,0,0,0,0,0,0,0,0,0,0,0,q,0,0,q
1400,0,0,0,0,0,0,0,0,i,0,0,0,0,0,o,0,0,0,0,io
1401,0,0,0,0,0,0,0,0,i,0,0,0,0,0,0,0,0,0,0,i
1402,0,0,0,0,0,0,0,0,i,0,0,0,0,0,0,0,0,0,0,i
1403,0,0,0,0,0,f,0,0,i,0,0,0,0,0,0,0,0,0,0,fi
1404,0,0,0,0,0,f,0,0,0,0,0,0,0,0,0,0,0,0,0,f
1405,0,0,0,0,0,0,0,0,i,0,0,0,0,0,0,0,0,0,0,i
1406,0,0,0,0,0,0,0,0,i,0,0,l,0,0,o,0,0,0,0,ilo
1407,0,b,0,0,0,0,0,0,0,0,0,0,0,0,0,0,0,0,0,b
1408,0,0,0,0,0,f,0,0,0,0,0,0,0,0,0,0,0,0,0,f
1409,0,0,0,d,e,0,0,0,0,0,0,0,0,0,0,0,0,0,0,de
1410,0,0,0,0,0,0,0,0,i,0,0,0,0,0,0,0,0,0,0,i
1411,0,0,c,0,0,0,0,0,0,0,0,0,0,0,0,p,0,0,0,cp
1412,0,0,0,d,e,0,0,0,0,0,0,0,0,0,0,0,0,0,0,de
1413,0,b,0,0,0,0,0,0,0,0,0,0,0,0,0,0,0,0,0,b
1414,0,b,0,0,0,0,0,0,0,0,0,0,0,0,0,0,0,0,0,b
1415,0,b,0,0,e,0,0,0,0,0,0,0,0,0,0,0,0,0,0,be
1416,0,b,0,0,0,0,0,0,0,0,0,0,0,0,0,p,0,0,0,bp
1417,0,0,0,0,0,0,0,0,i,0,0,0,0,0,0,0,0,0,0,i
1418,0,0,0,0,0,0,0,0,i,0,0,0,0,0,0,0,0,0,0,i
1419,0,b,0,0,0,0,0,0,0,0,0,0,0,0,0,p,0,0,0,bp
1420,0,0,0,0,0,f,0,0,0,0,0,0,0,0,0,0,0,0,0,f
1421,0,0,0,0,0,0,0,0,i,0,0,0,0,0,0,0,0,0,0,i
1422,0,0,0,0,0,0,0,0,0,0,k,0,0,0,0,0,q,0,0,kq
1423,0,0,0,0,0,0,0,0,i,0,0,0,0,0,0,0,0,r,0,ir
1424,0,0,0,0,0,f,0,0,i,0,0,0,0,0,o,0,0,0,0,fio
1425,0,0,0,0,0,f,0,0,i,0,0,0,0,0,0,0,0,0,0,fi
1426,0,0,0,0,0,f,0,0,i,0,0,0,0,0,0,0,0,0,0,fi
1427,0,0,0,0,0,0,0,0,i,0,0,0,0,0,0,0,0,0,0,i
1428,0,0,0,0,0,f,0,0,0,0,0,0,0,0,0,0,0,0,0,f
1429,0,0,0,0,0,0,0,0,i,0,0,0,0,0,o,0,0,0,0,io
1430,0,0,0,0,0,0,0,0,i,0,0,0,0,0,0,0,0,0,0,i
1431,0,0,0,0,0,0,0,0,0,0,0,0,0,0,0,0,q,0,0,q
1432,0,0,0,0,0,0,0,0,i,0,0,0,0,0,0,0,0,0,0,i
1433,0,b,0,0,0,0,0,0,i,0,0,0,0,0,0,0,0,0,0,bi
1434,0,0,0,0,0,0,0,0,0,0,0,0,0,0,o,0,0,0,0,o
1435,0,0,0,0,0,f,0,0,0,0,0,0,0,0,0,0,0,0,0,f
1436,0,0,0,0,0,0,0,0,i,0,0,0,0,0,o,0,0,0,0,io
1437,0,0,0,0,0,f,0,0,0,0,0,0,0,0,0,0,0,0,0,f
1438,0,0,0,0,0,0,0,0,i,0,0,0,0,0,0,0,0,0,0,i
1439,0,0,0,0,0,0,g,0,i,0,0,0,0,0,0,0,0,0,0,gi
1440,0,0,0,0,0,0,0,0,i,0,0,0,0,0,0,0,0,0,0,i
1441,0,0,0,0,0,0,0,0,i,0,0,0,0,0,o,0,0,0,0,io
1442,0,0,0,0,0,0,0,0,i,0,0,0,0,0,0,0,0,0,0,i
1443,0,0,0,0,0,0,0,0,i,0,0,0,0,0,0,0,0,0,0,i
1444,0,0,0,0,e,f,0,0,0,0,0,0,0,n,0,0,0,0,0,efn
1445,0,0,0,0,0,0,0,0,i,0,0,0,0,0,0,0,0,0,0,i
1446,0,0,0,0,0,f,0,0,0,0,0,0,0,0,0,0,0,0,0,f
1447,0,0,0,0,0,0,0,0,i,0,0,0,0,0,0,0,0,0,0,i
1448,0,0,0,0,0,0,0,0,i,0,0,0,0,0,0,0,0,0,0,i
1449,0,0,0,0,0,0,0,0,i,0,0,l,0,0,0,0,0,0,0,il
1450,0,0,c,0,0,0,0,0,0,0,0,0,0,0,o,0,0,0,0,co
1451,0,0,0,0,0,0,0,0,0,0,0,0,0,0,0,0,q,0,0,q
1452,0,0,0,0,0,f,0,0,0,0,0,0,0,n,0,0,0,0,0,fn
1453,0,0,0,0,0,0,g,0,i,0,0,0,0,0,0,0,0,0,0,gi
1454,0,0,0,0,0,0,0,0,0,0,0,0,0,0,0,0,0,0,s,
1455,0,0,0,0,0,0,0,0,0,0,0,0,0,0,0,0,0,0,s,
1456,0,0,0,0,0,f,0,0,i,0,0,0,0,0,0,0,0,0,0,fi
1457,0,0,0,0,0,f,0,0,i,0,0,0,0,0,0,0,0,0,0,fi
1458,0,0,0,0,0,f,0,0,0,0,0,0,m,0,o,0,0,0,0,fmo
1459,0,0,0,0,0,0,0,0,0,0,0,0,m,0,0,0,0,0,0,m
1460,0,0,0,0,0,f,0,0,i,0,0,0,0,0,0,0,0,0,0,fi
1461,0,0,0,0,0,f,0,0,0,0,0,0,0,0,0,0,0,0,0,f
1462,0,0,0,0,0,0,g,0,i,0,0,0,0,0,o,0,0,0,0,gio
1463,0,0,0,0,0,f,0,0,0,0,0,0,0,0,0,0,0,0,0,f
1464,0,0,0,0,0,0,0,0,i,0,0,0,0,0,0,0,0,0,0,i
1465,0,0,0,0,0,f,0,0,i,0,0,0,0,0,0,0,0,0,0,fi
1466,0,0,0,0,0,0,0,0,i,0,0,0,0,0,0,0,0,0,0,i
1467,0,0,0,0,0,0,0,0,i,0,0,0,0,0,0,0,0,0,0,i
1468,0,0,0,0,0,0,0,0,i,0,0,0,0,0,0,0,0,0,0,i
1469,0,0,c,0,e,0,0,0,0,0,0,0,0,0,0,0,0,0,0,ce
1470,0,0,0,d,e,0,0,0,0,0,0,0,0,0,0,0,0,0,0,de
1471,0,0,0,0,0,0,0,0,0,0,0,0,0,0,0,0,q,0,0,q
1472,0,0,0,0,0,f,0,0,0,0,0,0,0,0,0,p,0,0,0,fp
1473,0,0,0,0,e,0,0,0,i,0,0,0,0,0,0,0,0,0,0,ei
1474,0,0,0,0,0,f,0,0,0,0,0,0,0,0,o,0,0,0,0,fo
1475,0,0,0,0,0,f,0,0,i,0,0,0,0,0,0,0,0,0,0,fi
1476,0,0,0,0,0,0,0,0,0,0,k,0,0,0,0,0,0,0,0,k
1477,0,0,0,0,0,0,0,0,0,0,0,0,0,0,0,0,q,0,0,q
1478,0,b,0,0,0,0,g,0,i,0,0,0,0,0,0,0,0,0,0,bgi
1479,0,0,0,0,0,f,0,0,0,0,0,0,0,0,0,0,0,0,0,f
1480,0,0,c,0,e,f,0,0,0,0,0,0,0,0,0,0,0,0,0,cef
1481,0,0,0,0,0,0,0,0,i,0,0,0,0,0,0,0,0,0,0,i
1482,0,0,0,0,0,0,0,h,0,0,0,0,0,0,0,0,0,0,0,h
1483,0,b,0,0,0,0,0,0,i,0,0,0,0,0,o,0,0,0,0,bio
1484,0,b,0,0,0,f,0,0,0,0,0,0,0,0,0,0,0,0,0,bf
1485,0,0,0,0,0,0,0,0,i,0,0,0,0,0,o,0,0,r,0,ior
1486,0,0,0,0,0,0,0,0,i,0,0,0,0,0,0,0,0,0,0,i
1487,0,0,0,0,0,f,0,0,0,0,0,0,0,0,o,0,0,0,0,fo
1488,0,0,0,0,0,0,0,0,i,0,0,0,0,0,0,0,0,0,0,i
1489,0,0,0,0,0,f,0,0,0,0,0,0,0,0,0,0,0,0,0,f
1490,0,0,0,0,0,f,0,0,0,0,0,0,0,0,0,0,0,0,0,f
1491,0,b,0,0,0,0,0,0,i,0,0,0,0,0,0,0,q,0,0,biq
1492,0,0,0,0,0,f,0,0,0,0,0,0,0,0,0,0,0,0,0,f
1493,0,0,0,0,0,0,0,0,0,0,0,0,0,0,o,0,0,0,0,o
1494,0,0,0,0,0,f,0,0,0,0,0,0,0,0,0,0,0,0,0,f
1495,0,0,0,0,0,0,0,0,i,0,0,0,0,0,0,0,0,0,0,i
1496,0,0,0,0,0,f,g,0,0,0,0,0,0,0,0,0,0,0,0,fg
1497,0,0,0,0,0,0,0,h,0,0,0,0,0,0,0,0,0,0,0,h
1498,0,0,0,0,0,f,0,0,0,0,0,0,0,0,0,0,0,0,0,f
1499,0,0,0,0,0,f,0,0,0,0,0,0,0,0,0,0,0,0,0,f
1500,0,0,0,0,0,f,0,0,0,0,0,0,0,0,0,0,0,0,0,f
1501,0,0,0,0,0,0,0,0,0,0,0,0,0,0,0,0,0,r,0,r
1502,0,0,0,0,0,f,0,0,0,0,0,l,0,0,o,0,0,0,0,flo
1503,0,0,c,0,e,0,0,0,0,0,0,0,0,0,0,0,0,0,0,ce
1504,0,0,0,0,0,f,0,0,0,0,0,0,0,0,0,0,0,0,0,f
1505,0,0,0,0,0,0,g,0,i,0,0,0,0,0,0,0,0,0,0,gi
1506,0,0,0,0,0,0,0,0,i,0,0,0,0,0,0,0,0,0,0,i
1507,0,0,0,0,0,f,0,0,0,0,0,0,0,0,0,0,0,0,0,f
1508,0,0,0,0,0,0,0,0,i,0,0,0,0,0,0,0,q,0,0,iq
1509,0,0,0,0,0,f,0,0,0,0,0,0,0,0,0,0,0,0,0,f
1510,0,0,0,0,0,0,g,0,0,0,0,0,0,0,0,0,0,0,0,g
1511,0,0,0,0,0,f,0,0,0,0,0,0,0,0,0,0,0,0,0,f
1512,0,0,0,0,0,0,0,0,i,0,0,0,0,0,0,0,0,0,0,i
1513,0,0,0,0,0,f,0,0,0,0,0,0,0,0,0,0,0,0,0,f
1514,0,0,0,0,0,0,0,0,i,0,0,0,0,0,0,0,0,0,0,i
1515,0,0,c,0,0,0,0,0,0,0,0,0,0,0,o,0,0,0,0,co
1516,0,0,0,0,0,0,0,0,i,0,0,0,0,0,0,0,0,0,0,i
1517,0,0,0,0,0,0,0,0,i,0,0,0,0,0,0,0,0,0,0,i
1518,0,0,0,0,0,0,0,0,i,0,0,0,0,0,0,0,0,0,0,i
1519,0,0,0,0,0,0,g,0,i,0,0,0,0,0,0,0,0,0,0,gi
1520,0,0,0,0,0,0,0,0,0,0,0,0,0,0,0,0,0,0,0,
1521,0,0,0,0,0,f,0,0,0,0,0,0,0,0,o,0,0,0,0,fo
1522,0,0,0,0,0,0,0,0,0,0,0,0,0,0,0,0,q,0,0,q
1523,0,b,c,0,0,0,0,0,0,0,0,0,0,0,0,0,0,0,0,bc
1524,0,0,0,0,0,0,0,0,i,0,0,0,0,0,0,0,0,0,0,i
1525,0,0,0,0,0,f,0,0,0,0,0,0,0,0,o,0,0,0,0,fo
1526,0,0,0,0,0,0,0,0,i,0,0,0,0,0,o,0,q,0,0,ioq
1527,0,0,0,0,0,f,0,0,0,0,0,0,0,0,0,0,0,0,0,f
1528,0,0,0,0,0,0,0,0,i,0,0,0,0,0,0,0,0,0,0,i
1529,0,0,0,0,0,0,0,0,0,0,0,0,0,0,0,0,0,r,0,r
1530,0,0,0,0,0,0,0,0,i,0,0,0,0,0,0,0,0,0,0,i
1531,0,0,c,0,e,0,0,0,0,0,0,0,0,0,0,0,0,0,0,ce
1532,0,0,0,0,0,0,0,0,i,0,0,0,0,0,0,0,0,0,0,i
1533,0,0,0,0,0,0,0,0,i,0,0,0,0,0,0,0,0,0,0,i
1534,0,0,0,0,0,f,g,0,0,0,0,0,0,0,0,0,0,0,0,fg
1535,0,0,0,0,0,0,0,0,i,0,0,0,0,0,0,0,0,0,0,i
1536,0,0,0,0,0,0,0,0,i,0,0,0,0,0,0,0,0,0,0,i
1537,0,0,0,0,0,f,0,0,0,0,0,0,0,0,0,0,0,0,0,f
1538,0,0,0,0,0,0,0,0,i,0,0,0,0,0,0,0,0,0,0,i
1539,0,0,0,0,0,0,0,0,i,0,0,0,0,0,0,0,0,0,0,i
1540,0,0,c,0,e,0,0,0,0,0,0,0,0,0,0,0,0,0,0,ce
1541,0,0,0,0,0,0,0,0,i,0,0,0,0,0,0,0,0,0,0,i
1542,0,0,0,0,0,0,0,0,i,0,0,0,0,0,0,0,0,0,0,i
1543,0,0,0,0,0,0,0,0,i,0,0,0,0,0,0,0,0,0,0,i
1544,0,0,0,0,0,f,0,0,0,0,0,0,0,0,0,0,0,0,0,f
1545,0,0,0,0,0,0,0,0,i,0,0,0,0,0,o,0,0,0,0,io
1546,0,0,0,0,0,0,0,0,i,0,0,0,0,0,0,0,0,0,0,i
1547,0,0,0,0,0,0,0,h,0,0,0,0,0,0,0,0,0,0,0,h
1548,0,b,0,0,0,0,0,0,0,0,0,0,0,0,0,0,q,0,0,bq
1549,0,0,0,0,0,0,0,0,0,0,0,0,0,0,0,0,q,0,0,q
1550,0,0,0,0,0,f,0,0,0,0,0,0,0,0,0,0,0,0,0,f
1551,0,0,0,0,0,0,0,0,i,0,0,0,0,0,0,0,0,0,0,i
1552,0,b,0,0,0,0,0,0,0,0,0,0,0,0,0,0,0,0,0,b
1553,0,0,0,0,0,0,0,0,0,0,0,0,0,n,0,0,q,0,0,nq
1554,0,0,0,0,0,0,0,0,i,0,0,l,0,0,0,0,0,0,0,il
1555,0,0,c,0,e,0,0,0,0,0,0,0,0,0,0,0,0,0,0,ce
1556,0,b,0,0,0,0,0,0,i,0,0,0,0,0,0,0,q,0,0,biq
1557,0,0,0,0,0,f,0,0,i,0,0,0,0,0,0,0,0,0,0,fi
1558,0,0,0,0,0,0,0,0,i,0,0,0,0,0,0,0,0,0,0,i
1559,0,b,0,0,0,0,0,0,i,0,0,0,0,0,0,0,q,0,0,biq
1560,0,0,0,0,0,0,g,0,0,0,0,0,0,0,0,0,0,0,0,g
1561,0,0,0,0,0,0,0,h,i,0,0,0,0,0,0,0,0,0,0,hi
1562,0,0,0,0,0,0,0,h,0,0,0,0,0,0,0,0,0,0,0,h
1563,0,0,0,0,0,0,0,0,0,0,0,0,0,0,o,0,0,0,0,o
1564,0,0,0,0,0,0,0,0,i,0,0,0,0,0,0,0,0,0,0,i
1565,0,0,0,0,0,0,0,0,i,0,0,0,0,0,0,0,0,0,0,i
1566,0,0,0,0,0,0,0,0,i,0,0,0,0,0,0,0,0,0,0,i
1567,0,0,0,0,0,f,0,0,0,0,0,0,0,0,0,0,0,0,0,f
1568,0,0,0,0,0,f,0,0,0,0,0,0,0,0,o,0,0,0,0,fo
1569,0,0,0,0,0,f,0,0,i,0,0,0,0,0,0,0,0,0,0,fi
1570,0,0,0,0,0,f,0,0,0,0,0,0,0,0,0,0,0,0,0,f
1571,0,0,0,0,0,0,0,0,i,0,0,0,0,0,0,0,0,0,0,i
1572,0,0,0,0,0,0,0,0,i,0,0,0,0,0,0,0,0,0,0,i
1573,0,0,0,0,0,0,0,0,0,0,0,0,0,0,0,0,0,0,0,
1574,0,0,0,0,0,0,0,0,0,0,0,0,0,0,0,0,0,r,0,r
1575,0,0,0,0,0,0,0,0,i,0,0,0,0,0,0,0,0,0,0,i
1576,0,0,0,0,0,0,0,0,0,j,0,0,0,0,0,0,0,0,0,j
1577,0,0,0,0,0,0,0,0,i,0,0,0,0,0,0,0,0,0,0,i
1578,0,0,0,0,0,0,0,0,i,0,0,0,0,0,0,0,0,0,0,i
1579,0,0,0,0,0,0,0,0,0,0,0,0,0,0,0,0,q,0,0,q
1580,0,0,0,0,0,0,0,0,0,0,0,0,0,0,o,0,0,0,0,o
1581,0,0,0,0,0,0,0,0,0,0,0,0,0,n,0,0,0,0,0,n
1582,0,0,0,0,0,0,0,0,0,0,k,0,0,0,0,0,0,0,0,k
1583,0,0,0,0,0,0,0,0,i,0,0,0,0,0,0,0,0,0,0,i
1584,0,0,0,0,0,0,0,0,i,0,0,0,0,0,0,0,0,0,0,i
1585,0,0,0,0,0,0,0,h,0,0,0,0,0,0,0,0,0,0,0,h
1586,0,b,0,0,0,0,g,0,i,0,0,0,0,0,0,0,0,0,0,bgi
1587,0,0,0,0,0,0,0,0,0,0,0,0,0,0,0,0,0,0,s,
1588,0,0,0,0,0,f,0,0,i,0,0,0,0,0,0,0,0,0,0,fi
1589,0,0,0,0,0,f,0,0,0,0,0,0,0,0,0,0,0,0,0,f
1590,0,0,0,0,0,0,0,0,i,0,0,0,0,0,0,0,0,0,0,i
1591,0,0,0,0,0,0,0,0,i,0,0,0,0,0,0,0,0,0,0,i
1592,0,0,0,0,0,0,0,0,i,0,0,0,0,0,0,0,0,0,0,i
1593,0,0,0,0,0,f,0,0,0,0,0,0,0,0,0,0,0,0,0,f
1594,0,0,0,0,0,0,0,h,0,0,0,0,0,0,0,0,0,0,0,h
1595,0,b,0,0,0,0,0,0,0,0,0,0,0,0,0,0,q,0,0,bq
1596,0,b,0,0,0,0,0,0,0,0,0,0,0,0,0,p,q,0,0,bpq
1597,0,b,0,0,0,0,0,0,i,0,0,0,0,0,0,0,0,0,0,bi
1598,0,0,0,0,0,0,g,0,0,0,0,0,0,0,0,0,q,0,0,gq
1599,0,0,0,0,0,0,0,0,i,0,0,0,0,0,0,0,0,0,0,i
1600,0,0,0,0,0,f,0,0,0,0,0,0,0,0,0,0,0,0,0,f
1601,0,0,0,0,0,0,0,0,0,0,0,0,0,0,0,0,q,0,0,q
1602,0,0,0,0,0,0,0,0,i,0,0,0,0,0,0,0,0,0,0,i
1603,0,0,0,0,0,0,0,0,i,0,0,0,0,0,0,0,0,0,0,i
1604,0,0,0,0,0,0,g,0,0,0,k,0,0,0,0,0,q,0,0,gkq
1605,0,0,0,0,0,f,0,0,0,0,0,0,0,0,0,0,0,0,0,f
1606,0,0,0,0,0,0,g,0,0,0,0,0,0,0,0,0,0,0,0,g
1607,0,0,0,0,0,0,0,0,i,0,0,0,0,0,0,0,0,0,0,i
1608,0,0,c,0,e,0,0,0,i,0,0,0,0,0,0,0,0,0,0,cei
1609,0,0,0,0,0,f,0,0,0,0,0,0,0,0,0,0,0,0,0,f
1610,0,b,0,0,0,0,g,0,0,0,0,0,0,0,o,0,0,0,0,bgo
1611,0,0,0,0,0,f,0,0,0,0,0,0,0,0,0,0,0,0,0,f
1612,0,0,0,0,0,0,0,0,0,0,0,0,0,0,o,0,0,0,0,o
1613,0,b,0,0,0,0,0,0,i,0,0,0,0,0,0,0,0,0,0,bi
1614,0,0,0,0,0,f,0,0,i,0,0,0,0,0,0,0,0,0,0,fi
1615,0,b,c,0,e,0,0,0,0,j,0,0,0,0,0,0,0,0,0,bcej
1616,0,0,0,0,0,0,0,0,i,0,0,0,0,0,0,0,0,0,0,i
1617,0,0,0,0,0,0,0,0,0,0,0,0,0,0,o,0,0,0,0,o
1618,0,b,0,0,0,0,g,0,0,0,0,0,0,0,0,0,0,0,0,bg
1619,0,0,0,0,0,0,0,0,i,0,0,0,0,0,0,0,0,0,0,i
1620,0,0,0,0,0,f,0,0,0,0,0,0,0,0,0,0,0,0,0,f
1621,0,0,0,0,0,0,0,0,0,0,0,0,0,0,0,0,q,0,0,q
1622,0,0,0,0,0,f,0,0,0,0,0,0,0,0,0,0,0,0,0,f
1623,0,0,0,0,0,0,0,0,i,0,0,0,0,0,0,0,0,0,0,i
1624,0,0,0,0,0,0,0,0,0,0,0,0,0,0,0,0,q,0,0,q
1625,0,0,0,0,0,0,0,0,0,0,0,1,0,0,0,0,q,0,0,1q
1626,0,0,0,0,0,f,0,0,i,0,0,0,0,0,0,0,0,0,0,fi
1627,0,0,0,0,0,f,0,0,i,0,0,0,0,0,0,0,0,0,0,fi
1628,0,0,0,0,0,0,0,0,i,0,0,0,0,0,0,0,0,0,0,i
1629,0,0,0,0,0,0,0,h,0,0,0,0,0,0,0,0,0,0,0,h
1630,0,0,0,0,0,0,0,0,i,0,0,0,0,0,0,0,0,0,0,i
1631,0,0,0,0,0,f,0,0,i,0,0,0,0,0,0,0,0,0,0,fi
1632,0,0,0,0,0,0,0,0,0,0,0,0,0,0,0,0,0,r,0,r
1633,0,0,0,0,0,f,0,0,i,0,0,0,0,0,0,0,0,0,0,fi
1634,0,0,0,0,0,0,0,0,i,0,0,0,0,0,0,0,0,0,0,i
1635,0,0,0,0,0,0,0,0,i,0,0,0,0,0,0,0,0,0,0,i
1636,0,0,0,0,0,0,0,0,i,0,0,0,0,0,0,0,0,0,0,i
1637,0,0,0,0,0,0,0,0,i,0,0,0,0,0,0,0,0,0,0,i
1638,0,0,0,0,0,0,g,0,i,0,0,0,0,0,0,0,0,0,0,gi
1639,0,0,0,0,0,0,0,0,i,0,0,0,0,0,0,0,0,0,0,i
1640,0,0,0,0,0,0,0,0,i,0,0,0,0,0,0,0,0,0,0,i
1641,0,0,0,0,0,0,0,h,0,0,0,0,0,0,0,0,0,0,0,h
1642,0,0,0,0,0,0,0,0,i,0,0,0,0,0,0,0,0,0,0,i
1643,0,0,0,0,0,0,0,0,i,0,0,0,0,0,0,0,0,0,0,i
1644,0,0,0,0,0,f,0,0,0,0,0,0,0,0,0,0,0,0,0,f
1645,0,0,0,0,0,0,0,0,i,0,0,0,0,0,0,0,0,0,0,i
1646,0,b,0,0,0,0,0,0,i,0,0,0,0,0,0,0,0,0,0,bi
1647,0,0,0,0,0,f,g,0,i,0,0,0,0,0,0,0,0,0,0,fgi
1648,0,0,0,0,0,0,0,0,i,0,0,0,0,0,0,0,0,0,0,i
1649,0,0,0,0,0,f,0,h,0,0,0,0,0,0,0,0,0,0,0,fh
1650,0,0,0,0,0,0,0,0,i,0,0,0,0,0,0,0,0,0,0,i
1651,0,0,0,0,0,0,0,0,i,0,0,0,0,0,0,0,q,0,0,iq
1652,0,0,0,0,0,0,0,0,0,0,0,0,0,0,o,0,0,0,0,o
1653,0,0,0,0,0,0,0,0,i,0,0,0,0,0,0,0,0,0,0,i
1654,0,0,0,0,0,f,0,0,0,0,0,0,0,0,0,0,0,0,0,f
1655,0,0,0,0,0,f,0,0,0,0,0,0,0,0,o,0,0,0,0,fo
1656,0,0,0,0,0,f,0,0,0,0,0,0,0,0,o,0,0,0,0,fo
1657,0,b,0,0,0,0,0,0,i,0,0,0,0,0,0,0,0,0,0,bi
1658,0,0,0,0,0,0,0,0,i,0,0,0,0,0,0,0,0,0,0,i
1659,0,0,0,0,0,f,0,0,0,0,0,0,0,0,0,0,0,0,0,f
1660,0,0,0,0,0,0,0,0,i,0,0,0,0,0,0,0,0,0,0,i
1661,0,0,0,0,0,0,0,0,i,0,0,0,0,0,0,0,0,0,0,i
1662,0,0,0,0,0,0,0,0,i,0,0,0,0,0,o,0,0,0,0,io
1663,0,0,0,0,0,0,0,0,i,0,0,0,0,0,0,0,0,r,0,ir
1664,0,0,0,0,0,f,0,0,0,0,0,0,0,0,0,0,0,0,0,f
1665,0,0,0,0,0,0,0,0,i,0,0,0,0,0,0,0,0,0,0,i
1666,0,0,0,0,0,0,0,0,i,0,0,0,0,0,0,0,0,0,0,i
1667,0,0,0,0,0,0,0,0,i,0,0,0,0,0,0,0,0,0,0,i
1668,0,0,0,0,0,f,0,0,0,0,0,0,0,0,0,0,0,0,0,f
1669,0,0,0,0,0,0,g,0,i,0,0,0,0,n,0,0,0,0,0,gin
1670,0,0,0,0,0,f,0,0,0,0,0,0,0,0,0,0,q,0,0,fq
1671,0,0,0,0,0,0,0,0,i,0,0,0,0,0,0,0,0,0,0,i
1672,0,0,0,0,0,0,0,0,i,0,0,0,0,0,0,0,0,0,0,i
1673,0,b,0,0,0,0,0,0,0,0,0,0,0,0,0,0,q,0,0,bq
1674,0,0,0,0,0,0,0,0,i,0,0,0,0,0,0,0,0,0,0,i
1675,0,0,0,0,0,0,0,0,i,0,0,0,0,0,0,0,0,0,0,i
1676,0,0,0,0,0,0,0,0,i,0,0,0,0,0,0,0,0,0,0,i
1677,0,0,0,0,0,0,0,0,i,0,0,0,0,0,0,0,0,0,0,i
1678,0,0,0,0,0,0,0,0,i,0,0,0,0,0,0,0,0,0,0,i
1679,0,0,0,0,0,0,0,0,0,0,0,0,0,0,o,0,q,0,0,oq
1680,0,0,0,0,0,0,0,0,i,0,0,0,0,0,o,0,0,0,0,io
1681,0,0,0,0,0,f,0,0,0,0,0,0,0,0,0,0,0,0,0,f
1682,0,0,0,0,0,0,0,0,i,0,0,0,0,0,0,0,0,0,0,i
